Entity,Year,Total economic damages as a share of GDP - Drought,Total economic damages as a share of GDP - Flood,Total economic damages as a share of GDP - Earthquake,Total economic damages as a share of GDP - Extreme weather,Total economic damages as a share of GDP - Extreme temperature,Total economic damages as a share of GDP - Volcanic activity,Total economic damages as a share of GDP - Wildfire,Total economic damages as a share of GDP - Glacial lake outburst flood,Total economic damages as a share of GDP - Dry mass movement,Total economic damages as a share of GDP - Wet mass movement
Afghanistan,2000,0.00035678808,,,,,,,,,
Afghanistan,2001,0.0006652398,,0,,0.0003554201,,,,,
Afghanistan,2002,0.00048929587,0,0,,,,,,,0
Afghanistan,2006,0,0,0,0,,,,,,0
Afghanistan,2008,0,0,,,0,,,,,
Afghanistan,2011,0.7975244,0,,0,,,,,,
Afghanistan,2018,0,0,,,,,,,,0
Afghanistan,2019,0,0,,,,,,,,0
Afghanistan,2021,0,0,,,,,,,,0
Afghanistan,2022,0,0,0,,,,,,,0
Afghanistan,2023,0,0,1.2651412,,0,,,,,
Afghanistan,2003,,0,0,,,,,,,
Afghanistan,2004,,0,0,,,,,,,
Afghanistan,2005,,0,0.00080602826,0.080602825,0,,,,,
Afghanistan,2007,,0,,,,,,,,
Afghanistan,2009,,0.1610805,0,,,,,,,0
Afghanistan,2010,,0,0,,,,,,,0
Afghanistan,2012,,0,0,,0,,,,,0
Afghanistan,2013,,0,0,,,,,,,0
Afghanistan,2014,,0.014636196,,0,,,,,,
Afghanistan,2015,,0,0,,,,,,,0.015678715
Afghanistan,2016,,0,,,,,,,,
Afghanistan,2017,,0,,0,,,,,,0
Afghanistan,2020,,0,,0,,,,,,0
Albania,1989,0,,,,,,,,,
Albania,1990,0,,,,,,,,,
Albania,1991,0,,,,,,,,,
Albania,1981,,0,,,,,,,,
Albania,1992,,1.0733316,,,,,,,,
Albania,1995,,0,,,,,,,,
Albania,1997,,0,,,,,,,,
Albania,2002,,0.38759664,,0,,,,,,
Albania,2004,,0.0023357403,,,0,,,,,
Albania,2005,,0,,0,,,,,,
Albania,2009,,0,0,,,,,,,
Albania,2010,,0,,,,,,,,
Albania,2013,,0,,,,,,,,
Albania,2015,,0,,,,,,,,
Albania,2016,,0,,,,,,,,
Albania,2017,,0.06712792,,,0,,,,,
Albania,2018,,0,,,,,,,,
Albania,2021,,0,,,,,,,,
Albania,1982,,,0.2686492,,,,,,,
Albania,1988,,,0,,,,,,,
Albania,1998,,,0,,,,,,,
Albania,2019,,,4.7802033,,,,,,,
Albania,1985,,,,,0,,,,,0
Albania,2007,,,,,0,,0,,,
Albania,2012,,,,,0,,,,,
Albania,2022,,,,,0,,,,,
Albania,2023,,,,,0,,,,,
Algeria,1963,,0,,,,,,,,
Algeria,1966,,0.3289626,,,,,,,,
Algeria,1967,,0.08899779,0,,,,,,,
Algeria,1969,,0.23489323,,,,,,,,
Algeria,1973,,0.114838794,,,,,,,,
Algeria,1974,,0.22710289,,,,,,,,
Algeria,1979,,0,,,,,,,,
Algeria,1981,,0,,,,,,,,
Algeria,1982,,0,,,,,,,,
Algeria,1984,,0,,,,,,,,
Algeria,1985,,0,0.0017259868,,,,,,,
Algeria,1992,,0.0018748776,0,,,,,,,
Algeria,1993,,0,,,,,,,,0
Algeria,1994,,0,0,,,,0,,,
Algeria,1996,,0,,,,,,,,
Algeria,1997,,0,,,,,,,,
Algeria,1999,,0,0.12526348,,,,,,,
Algeria,2000,,0,,,,,,,,
Algeria,2001,,0.5049366,,,,,,,,
Algeria,2002,,0.002438386,,,,,,,,
Algeria,2003,,0,6.804363,0,0,,,,,
Algeria,2004,,0,0,,,,,,,
Algeria,2005,,0.006778355,,0,,,,,,
Algeria,2006,,0.0009749419,0,,,,,,,
Algeria,2007,,0.030221906,,,,,0,,,
Algeria,2008,,0.19292194,,,,,,,,
Algeria,2009,,0,,,,,,,,
Algeria,2011,,0.35679615,,,,,,,,
Algeria,2012,,0,,,,,,,,
Algeria,2015,,0,,,,,,,,
Algeria,2018,,0,,,,,,,,
Algeria,2021,,0,,,,,0,,,
Algeria,2023,,0,,,,,0,,,
Algeria,2024,,0,,,,,,,,
Algeria,1960,,,0,,,,,,,
Algeria,1965,,,0.06376973,,,,,,,
Algeria,1980,,,12.2798395,,,,,,,
Algeria,1987,,,0.0014982212,,,,,,,
Algeria,1988,,,0,0,,,,,,
Algeria,1989,,,0,,,,,,,
Algeria,2014,,,0,,,,,,,
Algeria,2020,,,0,,,,,,,
Algeria,2017,,,,,0,,,,,
Algeria,2019,,,,,0,,,,,
Algeria,2022,,,,,,,0,,,
American Samoa,2003,,9.541985,,,,,,,,
American Samoa,2009,,,0,,,,,,,
American Samoa,2004,,,,29.469547,,,,,,
American Samoa,2005,,,,0,,,,,,
Angola,1981,0,,,,,,,,,
Angola,1985,0,,,,,,,,,
Angola,1989,0,0,,,,,,,,
Angola,1990,0,,,,,,,,,
Angola,1991,0,,,,,,,,,
Angola,1992,0,,,,,,,,,
Angola,1997,0,,,,,,,,,
Angola,1998,0,,,,,,,,,
Angola,2001,0,0,,,,,,,,
Angola,2004,0,0,,,,,,,,
Angola,2005,0,0,,,,,,,,
Angola,2012,0,0,,,,,,,,
Angola,2013,0,0,,,,,,,,
Angola,2017,0,0.0027140668,,,,,,,,
Angola,2020,0,0,,,,,,,,
Angola,2021,0,0,,,,,,,,
Angola,2022,0,,,,,,,,,
Angola,2024,0,,,,,,,,,
Angola,2000,,0.10953388,,,,,,,,0
Angola,2003,,0,,,,,,,,
Angola,2006,,0,,,,,,,,
Angola,2007,,0,,,,,,,,
Angola,2008,,0,,,,,,,,
Angola,2009,,0,,,,,,,,
Angola,2010,,0,,,,,,,,
Angola,2011,,0,,,,,,,,
Angola,2015,,0,,,,,,,,
Angola,2016,,0,,,,,,,,
Angola,2018,,0,,,,,,,,
Angola,2019,,0,,,,,,,,
Angola,2023,,0,,,,,,,,
Antigua and Barbuda,1983,0,,,,,,,,,
Antigua and Barbuda,1989,,,,17.575693,,,,,,
Antigua and Barbuda,1990,,,,0,,,,,,
Antigua and Barbuda,1995,,,,56.8134,,,,,,
Antigua and Barbuda,1998,,,,12.661612,,,,,,
Antigua and Barbuda,1999,,,,0,,,,,,
Antigua and Barbuda,2008,,,,0,,,,,,
Antigua and Barbuda,2010,,,,0.9704639,,,,,,
Antigua and Barbuda,2017,,,,16.288177,,,,,,
Argentina,2003,0.09405349,0.8058895,,0,,,,,,
Argentina,2009,0,0,,0,,,,,,0.0045048227
Argentina,2018,0.6478413,0,,0,,,,,,
Argentina,2019,0,0,,,,,,,,
Argentina,2020,0,0.0025924162,,0,,,,,,
Argentina,2021,0,0,0,,,,0,,,
Argentina,1966,,0.10478345,,,,,,,,
Argentina,1967,,0.012367734,,,,,,,,
Argentina,1970,,0.07915348,,,,,,,,
Argentina,1977,,0,0.1408922,,,,,,,
Argentina,1978,,0,,0,,,,,,
Argentina,1979,,0,,,,,,,,
Argentina,1980,,0,,,,,,,,
Argentina,1982,,0,,,,,,,,
Argentina,1983,,1.731117,,,,,,,,
Argentina,1985,,1.7356603,0,,,,,,,
Argentina,1986,,0,,0,,,,,,
Argentina,1987,,0,,0.009190257,,,0.09190257,,,
Argentina,1988,,0.38616052,,,,,,,,
Argentina,1990,,0,,,,,,,,
Argentina,1992,,0.22292264,,,,,,,,
Argentina,1993,,0.4612622,,0.021120064,,,,,,
Argentina,1995,,0,,0,0,,,,,
Argentina,1997,,0,,,,,,,,
Argentina,1998,,0.36795667,,0,,,,,,
Argentina,2000,,0.105558075,,0,0,,0,,,
Argentina,2001,,0.27912506,,0.0055825016,0,,0,,,
Argentina,2002,,0,0,0,0,,,,,
Argentina,2004,,0,,,0,,,,,
Argentina,2006,,0,,,,,,,,
Argentina,2007,,0.013911568,,,0,,,,,
Argentina,2008,,0,,,,0,,,,
Argentina,2012,,0,,0.002197873,,,,,,
Argentina,2013,,0.23549652,,0.00036230235,,,,,,
Argentina,2014,,0.011779913,,,,,,,,0
Argentina,2015,,0,,0.002891975,,0,,,,
Argentina,2016,,0.17972052,,,,,,,,
Argentina,2017,,0,,,,,,,,0
Argentina,2023,,0,,0.019347591,,,0,,,
Argentina,2024,,0,,0.039477836,,,,,,
Argentina,1973,,,,0,,,,,,
Argentina,1974,,,,0,,,,,,
Argentina,1975,,,,0,,,,,,
Argentina,2005,,,,0,,,,,,
Argentina,1972,,,,,0,,,,,
Argentina,2010,,,,,0,,,,,
Argentina,1991,,,,,,0,,,,
Argentina,2011,,,,,,0.019616788,,,,
Argentina,1994,,,,,,,0,,,
Argentina,1999,,,,,,,0,,,
Argentina,2022,,,,,,,0.12168332,,,
Argentina,1965,,,,,,,,,,0
Argentina,1984,,,,,,,,,,0
Armenia,2000,5.2313194,,,,,,,,,
Armenia,1997,,0.4879559,2.0331292,,,,,,,
Armenia,1998,,0.0063367123,,,,,,,,
Armenia,2004,,0,,,,,,,,
Armenia,2024,,0.19389926,,,,,,,,
Armenia,2013,,,,0.5394973,0,,,,,
Armenia,2018,,,,0.01462521,,,,,,
Armenia,2019,,,,0,,,,,,
Armenia,2020,,,,0,,,,,,
Armenia,2023,,,,0,,,,,,
Armenia,2014,,,,,0,,,,,
Armenia,2016,,,,,,,,,,0
Australia,1967,0.656372,,,,,,0.2250127,,,
Australia,1968,0.6107997,,0.007947647,,,,0.0030567872,,,
Australia,1969,0.5461845,,,,,,,,,
Australia,1974,0,0.046615895,,1.232746,,,,,,
Australia,1975,0,,,,,,,,,
Australia,1976,0,0,,0.03619244,,,,,,
Australia,1978,0,0.01747786,,0.8439334,,,,,,
Australia,1981,1.6959176,0.006376085,,,,,,,,
Australia,1982,1.5460594,,,0.016019752,,,,,,
Australia,1991,0.14510301,0.017072512,,0.00047856383,,,,,,
Australia,1992,0.012686146,,,0.11611998,,,,,,
Australia,1993,0.15577751,0.0014737264,,0,0,,,,,
Australia,1994,0.15062715,,0,0.024039159,0,,0.046467446,,,
Australia,1995,0.13206935,,,0.062118713,0,,,,,
Australia,2002,0.50532013,,,0,,,0.02845172,,,
Australia,2006,0,0,,0.15798053,,,0.013361525,,,
Australia,2018,0.08404485,0.0007984261,,,0,,,,,
Australia,1971,,0.0442304,,0.26365522,,,,,,
Australia,1973,,0.055613484,,,,,,,,
Australia,1984,,0.0015501846,,,,,,,,
Australia,1986,,0.035181724,,0.1036025,,,,,,
Australia,1988,,0,,0.008645362,,,,,,
Australia,1989,,0,0.33347127,0.03598522,,,,,,
Australia,1990,,0.070593774,,0.04996361,,,0,,,
Australia,1996,,0.08379389,,0.14938211,,,,,,0
Australia,1997,,0,,,,,0.0015379579,,,0
Australia,1998,,0.0960782,,,,,,,,
Australia,2000,,0.06367624,,0.036043152,,,0,,,
Australia,2001,,0.059268344,,0.001738538,,,0.0072152764,,,
Australia,2003,,0.01646217,,0.01988288,,,0.06413832,,,
Australia,2004,,0.008541307,,0.009761495,,,,,,
Australia,2005,,0.008337012,,0.006037147,,,0.0057496633,,,
Australia,2007,,0.15204546,,0.011695804,,,,,,
Australia,2008,,0.19552843,,0.0426091,,,,,,
Australia,2009,,0.016150529,,0.0064602117,0,,0.13997126,,,
Australia,2010,,0.11539193,,0.23676093,,,,,,
Australia,2011,,0.43495545,,0.17874882,,,0.0038609745,,,
Australia,2012,,0.037995975,,,,,,,,
Australia,2015,,0.029601205,,0.14659996,,,0.025975056,,,
Australia,2016,,0.0020715308,,0.04143062,,,0.009114736,,,
Australia,2019,,0.14360349,,,0,,0.09626168,,,
Australia,2020,,0.09033328,,0.20324989,,,0.04963367,,,
Australia,2021,,0.16251956,,0.044002328,,,0.0077084373,,,
Australia,2022,,0.49950963,,,,,,,,
Australia,2023,,0,,0,,,,,,
Australia,2024,,0.014838546,,0,,,,,,
Australia,1970,,,,0.17533684,,,,,,
Australia,1979,,,,0.02319189,,,,,,
Australia,1985,,,,0.06753642,,,0.018361604,,,
Australia,1999,,,,0.5636565,,,0,,,
Australia,2013,,,,0.12681316,,,0.02320681,,,
Australia,2014,,,,0.06810758,0,,0.008513448,,,
Australia,2017,,,,0.2406489,,,0.0015087705,,,
Australia,1977,,,,,,,0.0019646196,,,
Australia,1983,,,,,,,0.22564794,,,
Austria,1980,,0,,,,,,,,
Austria,1983,,0,,,,,,,,
Austria,1985,,0,,,,,,,,
Austria,1991,,0.04736778,,0.016174365,,,,,,
Austria,1996,,0.00211907,,,,,,,,
Austria,1997,,0.08265446,,,,,,,,
Austria,1999,,0.014785941,,,,,,,,0.019207861
Austria,2002,,1.1276222,,0.0023492132,,,,,,
Austria,2005,,0.2229638,,,0,,,,,
Austria,2006,,0,,,0,,,,,
Austria,2007,,0,,0.10342327,0,,,,,
Austria,2009,,0.050088894,,0.12522224,0,,,,,
Austria,2013,,0.23442234,,,,,,,,
Austria,2016,,0,,,,,,,,
Austria,2021,,0,,,,,,,,
Austria,1998,,,0,,,,,,,
Austria,1976,,,,0,,,,,,
Austria,1981,,,,0,,,,,,
Austria,1984,,,,0,,,,,,0
Austria,1990,,,,0.15077373,,,,,,
Austria,1993,,,,0.0005273315,,,,,,
Austria,1994,,,,0.0009864948,,,,,,
Austria,2000,,,,0.010194636,,,,,,0
Austria,2008,,,,0.11648647,,,,,,
Austria,2017,,,,0.028438797,,,,,,
Austria,2019,,,,0,0,,,,,
Austria,2022,,,,0,0,,,,,
Austria,2024,,,,0,0,,,,,
Austria,2003,,,,,0.107370265,,,,,
Austria,2012,,,,,0,,,,,
Austria,2023,,,,,0,,,,,0
Austria,1975,,,,,,,,,,0
Austria,1982,,,,,,,,,,0
Azerbaijan,2000,1.8965919,,0.18965918,,,,,,,0
Azerbaijan,1995,,0.67016053,,,,,,,,
Azerbaijan,1997,,0.63093674,,,,,,,,
Azerbaijan,2003,,0.75586694,,,,,,,,
Azerbaijan,2009,,0,,,,,,,,
Azerbaijan,2010,,0,,,,,,,,
Azerbaijan,1998,,,0,,,,,,,
Azerbaijan,1999,,,0.10914055,,,,,,,
Azerbaijan,2012,,,0,,0,,,,,
Bahamas,1988,,0,,,,,,,,
Bahamas,2013,,0.42958197,,,,,,,,
Bahamas,1963,,,,0.6311802,,,,,,
Bahamas,1965,,,,0.23312193,,,,,,
Bahamas,1966,,,,4.4694347,,,,,,
Bahamas,1990,,,,0,,,,,,
Bahamas,1992,,,,8.041171,,,,,,
Bahamas,1995,,,,0.011665208,,,,,,
Bahamas,1999,,,,5.856424,,,,,,
Bahamas,2001,,,,3.60671,,,,,,
Bahamas,2004,,,,17.117065,,,,,,
Bahamas,2005,,,,0,,,,,,
Bahamas,2007,,,,0,,,,,,
Bahamas,2008,,,,0,,,,,,
Bahamas,2011,,,,0.39720172,,,,,,
Bahamas,2012,,,,0,,,,,,
Bahamas,2015,,,,0.76028925,,,,,,
Bahamas,2016,,,,5.0501223,,,,,,
Bahamas,2017,,,,0.016068257,,,,,,
Bahamas,2019,,,,25.608194,,,,,,
Bangladesh,1974,0,4.6289854,,0,,,,,,
Bangladesh,1983,0,0,,0,,,,,,
Bangladesh,1989,0,0,0,0.056285735,0,,,,,
Bangladesh,2009,0,0,,0.2634785,0,,,,,
Bangladesh,1960,,0,,0,,,,,,
Bangladesh,1963,,0,,0.9399453,,,,,,
Bangladesh,1964,,0.09283233,,0.0046416163,,,,,,
Bangladesh,1966,,0.015528703,,0.34784296,,,,,,
Bangladesh,1968,,2.6644626,,0.0200436,,,,,,
Bangladesh,1970,,0.2780026,,0.9607769,,,,,,
Bangladesh,1972,,0,,0,,,,,,
Bangladesh,1973,,0,,0,,,,,,
Bangladesh,1976,,0,,0.0019867327,,,,,,
Bangladesh,1977,,0,,0.518073,,,,,,
Bangladesh,1978,,0,,0,,,,,,
Bangladesh,1980,,0.82699084,,0,,,,,,
Bangladesh,1982,,0,,,,,,,,
Bangladesh,1984,,0,,,,,,,,
Bangladesh,1985,,0,,0.22443241,,,,,,
Bangladesh,1986,,0,,0,,,,,,
Bangladesh,1987,,4.3522043,,0,,,,,,
Bangladesh,1988,,8.04018,0,0,,,,,,
Bangladesh,1990,,0.01898834,,0,0,,,,,
Bangladesh,1991,,0.48453552,,5.749821,0,,,,,
Bangladesh,1992,,0,,0,0,,,,,
Bangladesh,1993,,0,,0,,,,,,
Bangladesh,1994,,0,,0.37756902,0,,,,,
Bangladesh,1995,,0.9892,,2.1086066,0,,,,,
Bangladesh,1996,,0.021533864,,0,0,,,,,
Bangladesh,1997,,0.47466737,0,0,0,,,,,
Bangladesh,1998,,8.602657,,0,0,,,,,
Bangladesh,1999,,0,0,0,,,,,,
Bangladesh,2000,,0.93685967,0,0,0,,,,,
Bangladesh,2001,,0,,0,0,,,,,
Bangladesh,2002,,0,,0,0,,,,,
Bangladesh,2003,,0,0,0,0,,,,,
Bangladesh,2004,,3.3789728,0.7679484,0,0,,,,,
Bangladesh,2005,,0,,0,0,,,,,
Bangladesh,2006,,0,,0,0,,,,,
Bangladesh,2007,,0.14319514,,2.8890245,0,,,,,
Bangladesh,2008,,0,,0,,,,,,0
Bangladesh,2010,,0,,0,0,,,,,0
Bangladesh,2011,,0,,0,0,,,,,0
Bangladesh,2012,,0,,0,0,,,,,
Bangladesh,2014,,0.09254621,,0,,,,,,
Bangladesh,2015,,0.02049741,0,0.02254715,,,,,,0
Bangladesh,2016,,0.056555856,0,0.22622342,,,,,,
Bangladesh,2017,,0.21380001,,0,,,,,,0
Bangladesh,2018,,0,,0,0,,,,,
Bangladesh,2019,,0.02135343,,0.0016470611,0,,,,,0
Bangladesh,2020,,0.13369718,,0.40109158,,,,,,
Bangladesh,2021,,0,,0,,,,,,
Bangladesh,2022,,0.1005147,,0,,,,,,
Bangladesh,2023,,0,,0.057382535,,,,,,
Bangladesh,2024,,0.042122155,,0.020150209,0,,,,,
Bangladesh,1961,,,,0.24701196,,,,,,
Bangladesh,1965,,,,0.97686726,,,,,,
Bangladesh,1967,,,,0,,,,,,
Bangladesh,1969,,,,0.09832362,,,,,,
Bangladesh,1971,,,,0,,,,,,
Bangladesh,1979,,,,0,,,,,,
Bangladesh,1981,,,,0,,,,,,
Bangladesh,2013,,,,0.013333426,0,,,,,
Barbados,2010,0,,,0,,,,,,
Barbados,1970,,0.3008239,,,,,,,,
Barbados,1984,,0,,,,,,,,
Barbados,2007,,,0,,,,,,,
Barbados,1980,,,,0.14818026,,,,,,
Barbados,1987,,,,5.8672695,,,,,,
Barbados,1995,,,,0,,,,,,
Barbados,2002,,,,0.0064381137,,,,,,
Barbados,2004,,,,0.14515895,,,,,,
Barbados,2017,,,,0,,,,,,
Barbados,2021,,,,0,,,,,,
Barbados,2023,,,,0,,,,,,
Barbados,2024,,,,0,,,,,,
Belarus,1993,,0.61443657,,,,,,,,
Belarus,1996,,0,,,,,,,,
Belarus,1999,,0.036084298,,,,,,,,
Belarus,2018,,0,,,,,,,,
Belarus,2023,,0,,,,,,,,
Belarus,1997,,,,0.23353598,,,,,,
Belarus,2007,,,,0.022086898,,,,,,
Belarus,2000,,,,,0.23789372,,,,,
Belarus,2006,,,,,0,,,,,
Belarus,2012,,,,,0,,,,,
Belarus,2013,,,,,0,,,,,
Belarus,2014,,,,,0,,,,,
Belarus,2017,,,,,0,,,,,
Belgium,1976,0,,,0,,,,,,
Belgium,1971,,0,,,,,,,,
Belgium,1993,,0.006982993,,,,,,,,
Belgium,1994,,0.0005340048,,,,,,,,
Belgium,1998,,0.0038680478,,0.00019340239,,,,,,
Belgium,2002,,0,,0.0019351073,,,,,,
Belgium,2003,,0,,,0,,,,,
Belgium,2005,,0,,,0,,,,,
Belgium,2010,,0.049453385,,0.033225592,,,,,,
Belgium,2016,,0,,0,,,,,,
Belgium,2021,,0.33415624,,0,,,,,,
Belgium,2023,,0,,0,0,,,,,
Belgium,1983,,,0.057349816,,,,,,,
Belgium,1992,,,0.042592768,,,,,,,
Belgium,1967,,,,0,,,,,,
Belgium,1972,,,,0,,,,,,
Belgium,1984,,,,0,,,,,,
Belgium,1985,,,,0,0,,,,,
Belgium,1990,,,,0.4772764,,,,,,
Belgium,1995,,,,0.03471914,,,,,,
Belgium,1999,,,,0.019549597,,,,,,
Belgium,2007,,,,0.0955572,,,,,,
Belgium,2008,,,,0,,,,,,
Belgium,2011,,,,0.018778572,,,,,,
Belgium,2013,,,,0,,,,,,
Belgium,2014,,,,0,,,,,,
Belgium,2018,,,,0,0,,,,,
Belgium,2020,,,,0,0,,,,,
Belgium,2022,,,,0,0,,,,,
Belgium,1963,,,,,0,,,,,
Belgium,2006,,,,,0,,,,,
Belgium,2009,,,,,0,,,,,
Belgium,2012,,,,,0,,,,,
Belgium,2015,,,,,0,,,,,
Belgium,2019,,,,,0,,,,,
Belgium,2024,,,,,0,,,,,
Belize,1979,,0,,,,,,,,
Belize,1990,,0.40208352,,,0.41122177,,,,,
Belize,1995,,0.061046336,,,,,,,,
Belize,2008,,0.5576514,,0,,,,,,
Belize,2015,,0,,,,,,,,
Belize,1961,,,,200.23361,,,,,,
Belize,1974,,,,3.877455,,,,,,
Belize,1978,,,,4.4020543,,,,,,
Belize,1998,,,,0.0053792363,,,,,,
Belize,2000,,,,24.362104,,,,,,
Belize,2001,,,,21.316507,,,,,,
Belize,2005,,,,0,,,,,,
Belize,2007,,,,0.8697206,,,,,,
Belize,2010,,,,0,,,,,,
Belize,2016,,,,0,,,,,,
Belize,2020,,,,0,,,,,,
Belize,2022,,,,3.5128393,,,,,,
Belize,2024,,,,0,,,0,,,
Benin,1972,0,,,,,,,,,
Benin,1973,0,,,,,,,,,
Benin,1974,0,,,,,,,,,
Benin,1975,0,,,,,,,,,
Benin,1983,0.019792976,,,,,,,,,
Benin,1984,0.020625534,,,,,,0,,,
Benin,1985,0.020789266,0.45901704,,,,,,,,
Benin,1970,,0.05994706,,,,,,,,
Benin,1982,,0,,,,,,,,
Benin,1988,,0,,,,,,,,
Benin,1991,,0,,,,,,,,
Benin,1994,,0,,,,,,,,
Benin,1995,,0.14288169,,,,,,,,
Benin,1996,,0,,,,,,,,
Benin,1997,,0,,,,,,,,
Benin,1998,,0,,,,,,,,
Benin,1999,,0.0058465316,,,,,,,,
Benin,2007,,0,,,,,,,,
Benin,2008,,0,,,,,,,,
Benin,2009,,0,,0,,,,,,
Benin,2010,,0,,,,,,,,
Benin,2011,,0,,,,,,,,
Benin,2012,,0,,,,,,,,
Benin,2013,,0,,,,,0,,,
Benin,2020,,0,,,,,,,,
Benin,2021,,0,,,,,,,,
Benin,2022,,0,,,,,,,,
Benin,2024,,0,,,,,,,,
Benin,1978,,,,,,,0,,,
Bermuda,1985,,,,0.19240019,,,,,,
Bermuda,1986,,,,0.12782274,,,,,,
Bermuda,1987,,,,3.8565369,,,,,,
Bermuda,1989,,,,0,,,,,,
Bermuda,2003,,,,7.165848,,,,,,
Bhutan,1994,,0,,0,,,,,,
Bhutan,2000,,0,,,,,,,,
Bhutan,2004,,0,,,,,,,,
Bhutan,2021,,0,0,,,,,,,
Bhutan,2009,,,0,0,,,,,,
Bhutan,2011,,,0,,,,,,,
Bhutan,1999,,,,,,,0.87650937,,,
Bolivia,1977,0,0.3096886,,,,,,,,
Bolivia,1983,16.941236,0.89397717,,,,,,,,
Bolivia,1988,1.0527204,,,,,,,,,
Bolivia,1990,0,,,,,,,,,
Bolivia,1994,0,,0,,,,,,,0
Bolivia,2000,0,0,,,0,,,,,
Bolivia,2004,0,0.007836141,,,,,,,,
Bolivia,2005,0,,,,,,0,,,
Bolivia,2008,0,2.2489731,,0,,,,,,
Bolivia,2009,0,0,,,,,,,,
Bolivia,2010,0.508913,0,,,0,,0,,,
Bolivia,2013,0,0.008154122,,,0,,,,,0
Bolivia,2014,0,0,,,,,,,,0.6061306
Bolivia,2016,1.3258252,0,,,,,,,,
Bolivia,2023,0,0,,,,,0,,,
Bolivia,2024,0,0,,,,,0.20133567,,,
Bolivia,1965,,0.016713092,,,,,,,,
Bolivia,1966,,0.09328302,,,,,,,,
Bolivia,1968,,0.3532182,,,,,,,,
Bolivia,1974,,0.49969068,,,,,,,,
Bolivia,1978,,0,,,,,,,,
Bolivia,1980,,0,,,,,,,,
Bolivia,1982,,7.142359,,,,,,,,
Bolivia,1984,,0,,,,,,,,
Bolivia,1985,,0,,,,,,,,
Bolivia,1986,,1.2628229,,,,,,,,
Bolivia,1987,,0,,,,,,,,
Bolivia,1992,,3.5436685,,,,,,,,7.087337
Bolivia,1997,,0.8831986,,,,,,,,
Bolivia,1999,,0,,,,,0,,,
Bolivia,2001,,1.4862095,,,,,,,,
Bolivia,2002,,1.2649446,,0,,,,,,
Bolivia,2003,,0.003866426,,,,,,,,0
Bolivia,2006,,0.3056276,,,,,,,,
Bolivia,2007,,1.638706,,,0,,,,,
Bolivia,2011,,0.08346143,,,,,,,,0
Bolivia,2012,,0,,,,,,,,
Bolivia,2015,,0,,,,,,,,
Bolivia,2018,,0,,,,,,,,
Bolivia,2019,,0,,,,0,0,,,0
Bolivia,2020,,0.027300144,,,,,0,,,
Bolivia,2021,,0,,,,,,,,
Bolivia,2022,,0,,,,,,,,
Bolivia,1998,,,0,,,,,,,0
Bolivia,1996,,,,,,,,,,0
Bosnia and Herzegovina,2000,2.8377595,,,,,,,,,0
Bosnia and Herzegovina,2003,1.6472731,,,,,,,,,
Bosnia and Herzegovina,2001,,0,,,,,,,,
Bosnia and Herzegovina,2004,,0,,,,,,,,
Bosnia and Herzegovina,2005,,0,,0,,,,,,
Bosnia and Herzegovina,2009,,0,,,0,,,,,
Bosnia and Herzegovina,2010,,0.5065114,,,,,,,,
Bosnia and Herzegovina,2014,,2.3524234,,,,,,,,
Bosnia and Herzegovina,2015,,0,,,,,,,,
Bosnia and Herzegovina,2019,,0,,,,,,,,
Bosnia and Herzegovina,2020,,0,,,,,,,,
Bosnia and Herzegovina,2021,,0,,,,,,,,
Bosnia and Herzegovina,2022,,0,0.10597251,,,,,,,
Bosnia and Herzegovina,2023,,0,,0,,,,,,
Bosnia and Herzegovina,2024,,0.03528159,,,0,,,,,
Bosnia and Herzegovina,1999,,,,0,,,,,,
Bosnia and Herzegovina,2007,,,,,0,,,,,
Bosnia and Herzegovina,2012,,,,,0,,,,,
Botswana,1965,0,,,,,,,,,
Botswana,1968,1.5094695,,,,,,,,,
Botswana,1970,2.0780683,,,,,,,,,
Botswana,1982,0,,,,,,,,,
Botswana,1983,0,,,,,,,,,
Botswana,1984,0,,,,,,,,,
Botswana,1985,0,,,,,,,,,
Botswana,1986,0,,,,,,,,,
Botswana,1987,0,,,,,,,,,
Botswana,1992,0,,,,,,,,,
Botswana,2015,0.32518524,,,,,,,,,
Botswana,2019,0,,,,,,,,,
Botswana,2023,0,,,,,,,,,
Botswana,2024,0,,,0,,,,,,
Botswana,1972,,0.03040236,,,,,,,,
Botswana,1988,,0,,,,,,,,
Botswana,1995,,0,,,,,,,,
Botswana,2000,,0.086380705,,,,,,,,
Botswana,2004,,0,,,,,,,,
Botswana,2009,,0,,0,,,,,,
Botswana,2011,,0,,,,,,,,
Botswana,2013,,0,,,,,,,,
Botswana,2017,,0,,,,,,,,
Botswana,2018,,0,,,,,,,,
Brazil,1970,0.0002362521,0.10867597,,,,,,,,
Brazil,1977,0,0,,0,,,,,,
Brazil,1978,1.1484001,0,,,,,,,,
Brazil,1979,0,0,,,,,,,,
Brazil,1983,0,0.18454416,,,,,,,,0
Brazil,1985,0.3087066,0.094840735,,0,,,,,,
Brazil,1987,0,0.021903727,,,,,,,,
Brazil,1988,0,0.33454382,,,0,,,,,
Brazil,1998,0.0060693785,0.0001157795,,,,,0.004168062,,,
Brazil,1999,0.011603277,0,,,,,0,,,0
Brazil,2001,0,0.008035949,,0,,,,,,
Brazil,2002,0,0,,,,,,,,0.002157729
Brazil,2004,0.063160606,0.028000897,,0.052294265,0,,,,,
Brazil,2005,0.13764313,0,,0,,,,,,
Brazil,2007,0,0.008947012,0,,,,,,,0
Brazil,2010,0,0.036308687,,,0,,,,,0.006338175
Brazil,2012,0.036640946,0.0069770426,,,,,,,,
Brazil,2013,0.022513457,0.017462486,,0.00363957,,,,,,
Brazil,2014,0.0677979,0.0127719315,,,,,,,,
Brazil,2015,0.09239456,0.000110974725,,0.000110974725,,,,,,0
Brazil,2016,0.09298402,0.011137758,,,,,,,,
Brazil,2020,0.20323727,0.033872876,,0.0067745754,,,,,,
Brazil,2021,0.1795711,0.026163224,,,,,,,,
Brazil,2022,0.20492601,0.06388081,,,,,,,,
Brazil,2023,0.114096284,0.018766558,,0.042900205,,,,,,
Brazil,2024,0.27759778,0.34688255,,0,,,,,,
Brazil,1964,,0.0023850712,,,,,,,,
Brazil,1965,,0.07567151,,,,,,,,
Brazil,1966,,0.21537073,,0,,,,,,0.000095462616
Brazil,1967,,0.049217682,,,,,,,,0
Brazil,1969,,0.015522586,,,,,,,,
Brazil,1971,,0.010640511,,,,,,,,
Brazil,1973,,0.019140525,,,,,,,,
Brazil,1974,,0.11020587,,,,,,,,0
Brazil,1975,,0.1972856,,,0.4643835,,,,,
Brazil,1980,,0,,0,,,,,,
Brazil,1981,,0,,,,,,,,
Brazil,1984,,1.0619094,,0,,,,,,
Brazil,1986,,0,0.0019494633,,,,,,,
Brazil,1989,,0,,0,,,,,,0
Brazil,1990,,0,,,,,,,,
Brazil,1991,,0.0005838835,,,,,,,,0
Brazil,1992,,0.007861254,,,,,,,,0
Brazil,1995,,0.00038994814,,,,,,,,0
Brazil,1996,,0,,,,,,,,0
Brazil,1997,,0,,0,,,,,,
Brazil,2000,,0,,,,,,,,0.011442551
Brazil,2003,,0.020773191,,,,,,,,
Brazil,2006,,0,,,,,,,,
Brazil,2008,,0.06545371,,0,,,,,,
Brazil,2009,,0.03599288,,0,,,,,,0.00029994064
Brazil,2011,,0.03826224,,,,,,,,
Brazil,2017,,0.0048461,,,,,,,,
Brazil,2018,,0.002764832,,,,,,,,0
Brazil,2019,,0,,,,,0,,,
Brazil,1982,,,,0,,,,,,
Brazil,1994,,,,0.013323957,0.090412565,,,,,
Brazil,1968,,,,,0,,,,,
Brunei,1998,,,,,,,0.036030542,,,
Bulgaria,2000,0,,,,0.00037747272,,0.13287039,,,
Bulgaria,2001,0,,,0,,,0,,,
Bulgaria,1997,,0,,,,,,,,
Bulgaria,1998,,0,,,0,,,,,
Bulgaria,2002,,0.0060964297,,,,,,,,
Bulgaria,2005,,1.5300319,,0,,,,,,
Bulgaria,2006,,0,0,,0,,,,,
Bulgaria,2007,,0,,,0,,0.0055231387,,,
Bulgaria,2010,,0,,,0,,,,,
Bulgaria,2012,,0.008103571,0,,0,,,,,
Bulgaria,2014,,0.67798513,,0.9547853,,,,,,
Bulgaria,2015,,0.011424988,,,,,,,,
Bulgaria,2017,,0,,,,,,,,
Bulgaria,2018,,0,,,,,,,,
Bulgaria,2021,,0,,,,,0,,,
Bulgaria,2022,,0.0519284,,,0,,,,,
Bulgaria,2023,,0,,0,0,,,,,
Bulgaria,1986,,,0,,,,,,,
Bulgaria,1990,,,0,,,,,,,
Bulgaria,1981,,,,0,,,,,,
Bulgaria,1993,,,,0,,,,,,
Bulgaria,1999,,,,0,,,,,,
Bulgaria,2008,,,,,0,,,,,
Bulgaria,2024,,,,,0,,,,,
Burkina Faso,1966,0,,,,,,,,,
Burkina Faso,1969,0,,,,,,,,,
Burkina Faso,1970,0,,,,,,,,,
Burkina Faso,1971,0,,,,,,,,,
Burkina Faso,1972,0,,,,,,,,,
Burkina Faso,1973,0,,,,,,,,,
Burkina Faso,1974,0,,,,,,,,,
Burkina Faso,1975,0,,,,,,,,,
Burkina Faso,1977,0,0,,,,,,,,
Burkina Faso,1978,0,,,,,,,,,
Burkina Faso,1980,0,,,,,,,,,
Burkina Faso,1981,0,,,,,,,,,
Burkina Faso,1982,0,,,,,,,,,
Burkina Faso,1983,0,,,,,,,,,
Burkina Faso,1984,0,0,,,,,,,,
Burkina Faso,1985,0,0,,,,,,,,
Burkina Faso,1988,0,0,,,,,,,,
Burkina Faso,1990,0,,,,,,,,,
Burkina Faso,1995,0,,,,,,,,,
Burkina Faso,1996,0,,,,,,,,,
Burkina Faso,1998,0,,,,,,,,,
Burkina Faso,2001,0,,,,,,,,,
Burkina Faso,2011,0,,,,,,,,,
Burkina Faso,2012,0,0,,,,,,,,
Burkina Faso,2014,0,,,,,,,,,
Burkina Faso,2020,0,0,,,,,,,,
Burkina Faso,2022,0,,,,,,,,,
Burkina Faso,1994,,0,,,,,,,,
Burkina Faso,1999,,0,,,,,,,,
Burkina Faso,2003,,0,,,,,,,,
Burkina Faso,2006,,0,,,,,,,,
Burkina Faso,2007,,0,,,,,,,,
Burkina Faso,2008,,0,,,,,,,,
Burkina Faso,2009,,1.5871845,,,,,,,,
Burkina Faso,2010,,0.0017409162,,,,,,,,
Burkina Faso,2013,,0,,,,,,,,
Burkina Faso,2015,,0.26199782,,,,,,,,
Burkina Faso,2016,,0,,,,,,,,
Burkina Faso,2017,,0,,,,,,,,
Burkina Faso,2024,,0,,,,,,,,
Burundi,1999,0,,,0,,,,,,
Burundi,2000,0,0,,,,,,,,
Burundi,2001,0,,,,,,,,,
Burundi,2003,0,,,,,,,,,
Burundi,2004,0,0,0,0,,,,,,
Burundi,2005,0,0,,,,,,,,
Burundi,2006,0,0,,0,,,,,,
Burundi,2008,0,0,,,,,,,,
Burundi,2009,0,0,,,,,,,,
Burundi,2010,0,0,,0,,,,,,
Burundi,2011,0,0,,0,,,,,,
Burundi,1989,,0,,,,,,,,
Burundi,2002,,0,,,,,,,,
Burundi,2007,,0,,,,,,,,
Burundi,2014,,0.07391575,,,,,,,,
Burundi,2015,,0.27470592,,,,,,,,0
Burundi,2016,,0.16914879,,,,,,,,
Burundi,2018,,0,,,,,,,,
Burundi,2019,,0,,,,,,,,0
Burundi,2020,,0,,0,,,,,,
Burundi,2021,,0,,,,,,,,
Burundi,2023,,0,,,,,,,,
Burundi,2024,,0,,0,,,,,,
Burundi,2017,,,,,,,,,,0
Cambodia,1987,0,,,,,,,,,
Cambodia,1994,0.8112494,0,,,,,,,,
Cambodia,1995,1.1224071,,,,,,,,,
Cambodia,1996,1.1044631,0.04277531,,,,,,,,
Cambodia,2001,0,0.36182365,,,,,,,,
Cambodia,2002,0.84421414,0.0022216162,,,,,,,,
Cambodia,2005,0,0,,,,,,,,
Cambodia,2016,0,,,,,,,,,
Cambodia,1991,,7.299362,,,,,,,,
Cambodia,1999,,0.014215682,,,,,,,,
Cambodia,2000,,4.33115,,,,,,,,
Cambodia,2004,,0,,,,,,,,
Cambodia,2006,,0,,,,,,,,
Cambodia,2007,,0.009873699,,,,,,,,
Cambodia,2010,,0.5069278,,,,,,,,
Cambodia,2011,,3.2496245,,,,,,,,
Cambodia,2012,,0,,,,,,,,
Cambodia,2013,,2.5243428,,,,,,,,
Cambodia,2014,,0.009073808,,,,,,,,
Cambodia,2015,,0,,0,,,,,,
Cambodia,2018,,0,,,,,,,,
Cambodia,2019,,0,,,,,,,,
Cambodia,2021,,0,,0,,,,,,
Cambodia,2022,,0,,0,,,,,,
Cambodia,1997,,,,0.00029040952,,,,,,
Cambodia,2009,,,,0,,,,,,
Cambodia,2020,,,,0.28720716,,,,,,
Cambodia,2023,,,,0,,,,,,
Cambodia,2024,,,,,0,,,,,
Cameroon,1971,0.121266864,,,,,,,,,
Cameroon,1990,0,,,,,,,,,
Cameroon,1991,0,0,,,,,,,,
Cameroon,2001,0,0,,,,,,,,
Cameroon,2012,0,0.006632386,,,,,,,,
Cameroon,2022,0,0.033824,,,,,,,,0
Cameroon,1988,,0,,,,,,,,
Cameroon,1994,,0,,,,,,,,
Cameroon,1999,,0,,,,0,,,,
Cameroon,2000,,0,,,,,,,,
Cameroon,2005,,0,,,,,,,,
Cameroon,2007,,0,,,,,,,,
Cameroon,2008,,0,,,,,,,,
Cameroon,2010,,0,,,,,,,,
Cameroon,2013,,0,,,,,,,,
Cameroon,2014,,0,,,,,,,,
Cameroon,2015,,0,,,,,,,,
Cameroon,2017,,0,,,,,,,,
Cameroon,2020,,0,,,,,,,,
Cameroon,2023,,0,,,,,,,,0
Cameroon,2024,,0,,,,,,,,0
Cameroon,1984,,,,,,0,,,,
Cameroon,1986,,,,,,0,,,,
Cameroon,2003,,,,,,,,,,0
Cameroon,2019,,,,,,,,,,0
Canada,1961,0,,,,,,,,,
Canada,1977,0.35299,,,0,,,,,,
Canada,1978,0.34165484,,,,,,,,,
Canada,1979,0.3073038,0.0077903615,,,,,,,,
Canada,1980,0.2735095,,,,,,0,,,
Canada,1984,0.22500426,,,,,,,,,
Canada,1985,0.053898405,,,0.031950973,,,0,,,
Canada,1988,0.15901683,0.0029447563,,,,,,,,
Canada,1974,,0.009009055,,,,,,,,
Canada,1983,,0.016965698,,,,,,,,
Canada,1986,,0.007915424,,0,,,0,,,
Canada,1987,,0.042711932,,0.061181955,,,,,,
Canada,1990,,0.0014259936,,,,,,,,
Canada,1993,,0,,,0.27448305,,,,,
Canada,1995,,0.012096486,,0.01650271,,,0.014769925,,,
Canada,1996,,0.11569787,,0.000015857711,,,,,,
Canada,1997,,0.018320974,,0.0015267478,,,0,,,
Canada,1998,,0,,0.23659305,,,0,,,
Canada,2002,,0,,,,,0,,,
Canada,2003,,0.0039082537,,0.012283083,,,0.06085709,,,
Canada,2004,,0.019480072,,0.009740036,,,,,,
Canada,2005,,0.030431965,,0,,,0,,,
Canada,2006,,0,,,,,,,,
Canada,2007,,0,,0,,,,,,
Canada,2008,,0,,,,,,,,
Canada,2009,,0,,0.036373552,,,,,,
Canada,2011,,0.044609834,,0,,,0.08364344,,,
Canada,2012,,0.0018595834,,0.05742831,,,,,,
Canada,2013,,0.30867583,,0.07635666,0.010830731,,,,,
Canada,2014,,0.0071438467,,,0,,,,,
Canada,2016,,0,,,,,0.261781,,,
Canada,2017,,0.01212661,,,,,0,,,
Canada,2018,,0,,0.018836984,0,,0,,,
Canada,2019,,0.04587879,,0.015770834,,,,,,
Canada,2020,,0.07851736,,0.072477564,,,,,,
Canada,2021,,0.09889344,,0.0012361681,0,,0.0040008333,,,
Canada,2022,,0.0016435271,,0.008171982,,,,,,
Canada,2023,,0,,,0.0075920024,,0.009202427,,,
Canada,1962,,,,0,,,,,,
Canada,1966,,,,0,,,,,,
Canada,1970,,,,0,,,,,,
Canada,1971,,,,0,,,,,,0
Canada,1975,,,,0.0014333238,,,,,,
Canada,1981,,,,0.025712242,,,,,,
Canada,1989,,,,0,,,0.7404639,,,
Canada,1991,,,,0.08162896,,,,,,
Canada,1994,,,,0.000517291,,,0,,,
Canada,1999,,,,0.000014740301,,,0,,,
Canada,2000,,,,0.0017454973,,,,,,
Canada,2001,,,,0,,,0,,,
Canada,2024,,,,0.35471225,,,0.044617895,,,
Canada,1982,,,,,0,,,,,
Canada,1992,,,,,0.06907886,,0.020188855,,,
Canada,2015,,,,,,,0,,,
Canada,1965,,,,,,,,,,0
Cape Verde,1982,0,,,2.1332471,,,,,,
Cape Verde,1983,0,,,,,,,,,
Cape Verde,1984,0,,,0,,,,,,
Cape Verde,1985,0,,,,,,,,,
Cape Verde,1992,0,,,,,,,,,
Cape Verde,1998,0,,,,,,,,,
Cape Verde,2002,0,,,,,,,,,
Cape Verde,2017,0,,,,,,,,,
Cape Verde,2022,0,,,,,,,,,
Cape Verde,2009,,0,,,,,,,,
Cape Verde,2020,,0,,,,,,,,
Cape Verde,2015,,,,0.062862255,,0,,,,
Cape Verde,1995,,,,,,0,,,,
Cape Verde,2014,,,,,,0,,,,
Cayman Islands,2008,,,,0,,,,,,
Central African Republic,1983,0,,,,,,,,,
Central African Republic,1984,0,,,,,,,,,
Central African Republic,2022,0,0,,,,,0,,,
Central African Republic,1973,,0,,,,,,,,
Central African Republic,1995,,0,,,,,0,,,
Central African Republic,1996,,0,,,,,,,,
Central African Republic,1998,,0,,,,,,,,
Central African Republic,1999,,0,,,,,,,,
Central African Republic,2003,,0,,,,,,,,
Central African Republic,2004,,0,,,,,,,,
Central African Republic,2005,,0,,,,,,,,
Central African Republic,2007,,0,,,,,,,,
Central African Republic,2008,,0,,,,,,,,
Central African Republic,2009,,0,,0,,,,,,
Central African Republic,2010,,0,,,,,,,,
Central African Republic,2011,,0,,0,,,,,,
Central African Republic,2013,,0,,0,,,,,,
Central African Republic,2017,,0,,0,,,,,,
Central African Republic,2019,,0,,,,,,,,
Central African Republic,2021,,0,,,,,,,,
Central African Republic,2024,,5.2697678,,,,,,,,
Central African Republic,1981,,,,0.017990695,,,,,,
Central African Republic,2001,,,,0,,,,,,
Central African Republic,2012,,,,0,,,,,,
Central African Republic,2015,,,,0,,,,,,
Central African Republic,2023,,,,0,,,,,,
Central African Republic,2002,,,,,,,0,,,
Chad,1966,0,,,,,,,,,
Chad,1969,0.47914955,,,,,,,,,
Chad,1970,1.9105701,,,,,,,,,
Chad,1971,1.7864643,,,,,,,,,
Chad,1972,1.5314739,,,,,,,,,
Chad,1973,1.3853024,,,,,,,,,
Chad,1974,1.3739799,,,,,,,,,
Chad,1975,1.0369706,,,,,,,,,
Chad,1976,1.035243,,,,,,,,,
Chad,1977,0.95852566,,,0,,,,,,
Chad,1978,0.80928606,,,,,,,,,
Chad,1981,0,,,,,,,,,
Chad,1982,0,,,,,,,,,
Chad,1983,0,,,,,,,,,
Chad,1984,0,,,,,,,,,
Chad,1985,0,0,,,,,,,,
Chad,1993,0,,,,,,,,,
Chad,1997,0,,,,,,,,,
Chad,2001,0,0.058450703,,,,,,,,
Chad,2009,0,0,,,,,,,,
Chad,2010,0,0,,,,,,,,
Chad,2012,0,0.055890188,,,,,,,,
Chad,2013,0,,,,,,,,,
Chad,2017,0,,,,,,,,,
Chad,2022,0,0,,,,,,,,
Chad,1988,,0,,0.010589524,,,,,,
Chad,1991,,0,,,,,,,,
Chad,1995,,0,,,,,,,,
Chad,1998,,0,,,,,,,,
Chad,1999,,0,,,,,,,,
Chad,2006,,0,,,,,,,,
Chad,2007,,0,,0,,,,,,
Chad,2008,,0,,,,,,,,
Chad,2019,,0,,,,,,,,0
Chad,2020,,0,,,,,,,,
Chad,2021,,0,,,,,,,,
Chad,2024,,1.8423606,,,,,,,,
Chile,1968,0.071550466,,,0,,,,,,
Chile,1969,0.1470823,,,,,,,,,
Chile,1970,0.1343055,,,,,,,,,
Chile,1971,0.113075085,,2.1491284,0.02272767,,,,,,
Chile,1972,0.103438675,,,,,,,,,
Chile,1991,0.5231175,,,,,0.03923381,,,,0.015693525
Chile,1965,,0.16170792,2.021349,0,,,,,,0
Chile,1974,,0.06029795,,,,,,,,
Chile,1978,,0,,,,,,,,
Chile,1982,,0,,,,,,,,
Chile,1986,,0.089593515,,0,,,,,,
Chile,1987,,0.7829957,0.0044237045,,,,,,,0
Chile,1989,,0,,,,,,,,
Chile,1990,,0,,,,,,,,
Chile,1993,,0.06808859,,,,0,0,,,
Chile,1995,,0,0.0022487,,0.013546386,,,,,
Chile,1997,,0.21273267,0.05598228,0,,,0,,,
Chile,2000,,0.038294736,,,0.012764912,,,,,
Chile,2001,,0.012434554,,0,,,,,,
Chile,2002,,0.2846406,,,0,,0.11385624,,,
Chile,2004,,0,,,0,,,,,
Chile,2005,,0,0.0040885033,0,,,,,,
Chile,2006,,0,,,,,,,,
Chile,2008,,0.012785264,,,,0,,,,
Chile,2012,,0.001160941,0.037449706,,,,0.12483236,,,
Chile,2014,,0,0.03852659,,,,0.013099042,,,
Chile,2015,,0.61868334,0.32996446,0,,0.24747334,0,,,
Chile,2016,,0.040105097,,,,,,,,
Chile,2017,,0.0007242329,,,,,0.19916405,,,0
Chile,2019,,0,0,,,,0,,,
Chile,2021,,0,,0.055498198,,,,,,
Chile,2023,,0.5558568,,,,,0.2682419,,,
Chile,2024,,0.163504,,0.163504,,,0.3027852,,,
Chile,1960,,,13.060709,,,,,,,
Chile,1966,,,0.005512009,,,,,,,
Chile,1983,,,0.0048473855,,,,,,,
Chile,1985,,,8.364208,,,,,,,
Chile,2007,,,0.057974014,,0,,,,,
Chile,2010,,,13.821624,,0,,,,,
Chile,1977,,,,0.047643363,,,,,,
Chile,1984,,,,0,,,,,,
Chile,1992,,,,0,,,0.25784883,,,
Chile,2011,,,,,0,0,0.026520003,,,
Chile,2013,,,,,0.36049673,,,,,
Chile,1964,,,,,,0,,,,
Chile,1988,,,,,,0,,,,
Chile,1999,,,,,,,0.37047482,,,
Chile,2003,,,,,,,0,,,
Chile,2022,,,,,,,0,,,
Chile,1979,,,,,,,,,,0
China,1965,0.038429275,,,,,,,,,
China,1978,0,,,,,,,,,
China,1979,0,,0,,,,,,,
China,1980,0,0.08355637,,0,,,,,,
China,1981,0,1.1721641,0,0,,,0,,,
China,1982,0,0,0,,,,,,,0
China,1983,0,0,0.0021632821,0,,,,,0,
China,1985,0,0.1137666,0,0,,,,,,0
China,1986,0,0.4982275,0,0.47366476,0,,,,,
China,1988,0.30134884,0.62744576,0.08597301,0,,,,,,0
China,1991,0,2.092042,0,0.18873088,,,,,,0
China,1992,0,0.11880915,0.00073511846,0.2965678,,,,,0,
China,1994,2.4262626,1.3298125,0,0.37870666,0,,,,,0
China,1995,0.0017339688,0.91033363,0.01572764,0.054666076,,,0,,,0
China,1997,0.017473457,0.25208896,0,0.38901433,0.0029966307,,,,,0
China,1999,0,0.8383799,0.003986073,0.07516466,,,0,,,0
China,2000,0.0650551,0.025361778,0.009559349,0.021272315,,,,,,0.0001961177
China,2001,0,0.052470908,0.0067156856,0.2647161,,,,,,0.0044279248
China,2002,0.08121777,0.3174071,0,0.014632624,0,,,,,0
China,2003,0,0.91036344,0.029748322,0.031945895,,,0,,,0
China,2005,0,0.2011114,0,0.3090294,0,,,,,
China,2006,0.10424509,0.060451403,0.0002576036,0.2815334,,,,,0,0
China,2008,0.0025485572,0.05124968,1.8317047,0.04317228,0.452077,,,,,0
China,2009,0.028480412,0.026456876,0.006129594,0.06939779,,,,,,0.0026784455
China,2010,0.04264337,0.2934325,0.008145251,0.014065836,,,0,,,0.0122566335
China,2011,0.025630616,0.13952644,0.004515263,0.009340559,0.0036627853,,,,,0
China,2013,0,0.17036219,0.08267677,0.11071397,0,,,,0.00008210919,0
China,2014,0.034474574,0.09056134,0.052836034,0.09433643,,,,,,0
China,2015,0.021842394,0.06198134,0.00029120236,0.07963689,,,,,,0
China,2016,0.026187096,0.27752212,0.001750171,0.06655154,0.013966451,,,,,0.006110322
China,2017,0.00097307615,0.06736559,0.0042512263,0.058875892,,,,,,0.00001834488
China,2021,0.017031377,0.1014246,0.005285221,0.016666027,,,,,,
China,2022,0.04149204,0.027297396,0.016034491,0.002527739,,,,,,0
China,2023,0.014778037,0.0005199679,0.0058291145,0.14061028,,,,,,0
China,2024,0.005175044,0.008802909,0.0022940915,0.022525845,,,0,,,0
China,1960,,0,,,,,,,,
China,1961,,0,,,,,,,,
China,1969,,0,0,,,,,,,
China,1975,,0,0,,,,,,,
China,1984,,0,,0,,,,,,0
China,1987,,0,0,0.04388288,,,0.040225975,,,0
China,1989,,0.8005613,0.06257524,0.25403255,,,,,,0
China,1990,,0.22209302,0.01613839,0.5751006,,,,,0,
China,1993,,1.3633189,0,0.30645788,,,,,,0
China,1996,,2.1777754,0.061023075,0.2288941,,,,,,0
China,1998,,3.0606961,0.03645623,0.02605256,,,,,,0.085813396
China,2004,,0.10006569,0.0062493808,0.11178228,0,,,,0,0
China,2007,,0.13865365,0.009489309,0.07323813,,,,,,0
China,2012,,0.17259525,0.017847128,0.037077755,0.00023288887,,,,,0
China,2018,,0.032301724,0.000558392,0.075455025,,,,,,
China,2019,,0.04536349,0.008942205,0.07238241,,,0,,,0.0013736106
China,2020,,0.14536808,0.00011336043,0.008502033,,,0,,,0
China,1967,,,0,,,,,,,
China,1970,,,0,0,,,,,,
China,1973,,,0,,,,,,,
China,1974,,,0,,,,,,,
China,1976,,,3.6317225,,,,,,,
China,1964,,,,0,,,,,,
Colombia,1998,0,,,,,,,,,0
Colombia,2015,0,0,0,,,,0,,,0
Colombia,2016,0,0,,,,,,,,
Colombia,2024,0,,,0.035838693,,0,,,,0
Colombia,1962,,0,0,,,,,,,
Colombia,1969,,0.0077517275,,,,,,,,
Colombia,1970,,1.9289114,0.005556821,,,,,,,
Colombia,1971,,0,,,,,,,,0
Colombia,1973,,0,,,,,,,,0
Colombia,1976,,0,,,,,,,,0
Colombia,1979,,0,0.100213274,,,,,,,
Colombia,1980,,0,,,,,,,,
Colombia,1981,,0.013740655,0.013740655,,,,,,,0
Colombia,1982,,0,,,,,,,,0
Colombia,1984,,1.0456663,,,,,,,,
Colombia,1986,,0,,0.0071546133,,,,,,0
Colombia,1987,,0,,,,,,,,0
Colombia,1988,,0,,0.1275102,,0,,,,
Colombia,1989,,0,,,,,,,,
Colombia,1990,,0,,,,,,,,
Colombia,1993,,0,0,,,0,,,,0
Colombia,1994,,0,0.0029373788,,,,,,,
Colombia,1995,,0,0,,,,,,,0
Colombia,1996,,0,,,,,,,,0
Colombia,1997,,0.0028127683,,,,,,,,
Colombia,1999,,0.000003477094,2.1527452,0.00057951565,,,,,,0
Colombia,2000,,0,0,,,,,,,
Colombia,2001,,0,,0,,,0,,,0
Colombia,2002,,0,,,,,,,,0
Colombia,2003,,0,,,,,,,,0
Colombia,2004,,0,0,,,,,,,
Colombia,2005,,0.006868107,,0,,0,,,,
Colombia,2006,,0,,,,0,,,,
Colombia,2007,,0,0,,,0,,,,
Colombia,2008,,0,0.0041236407,,,0,,,0,0
Colombia,2009,,0,,,,,,,,0
Colombia,2010,,0.28048012,,,,,0,,,0
Colombia,2011,,0.75124866,,,,,,,,0
Colombia,2012,,0.02751617,,,,,,,,
Colombia,2013,,0.0005234318,0.0010468636,,,,,,,
Colombia,2014,,0.0020984109,,0,,,,,,
Colombia,2017,,0.0006412993,,0,,,,,,0.032706264
Colombia,2018,,0,,,,,,,,
Colombia,2019,,0,,,,,,,,0
Colombia,2020,,0.01294626,,0.046236645,,,,,,0
Colombia,2021,,0,,,,,,,,0
Colombia,2022,,0.0031825711,,0,,,,,,0
Colombia,2023,,0,,,,,,,,0
Colombia,1967,,,0.010300128,,,,,,,
Colombia,1974,,,0,,,,,,,0
Colombia,1983,,,1.0609396,0,,,,,0,
Colombia,1991,,,0,,,,0,,,0.00080583437
Colombia,1992,,,0,,,,,,,
Colombia,1968,,,,0.0008388962,,,,,,
Colombia,1985,,,,,,2.8657877,,,,
Colombia,1965,,,,,,,,,,0
Colombia,1972,,,,,,,,,,0
Colombia,1977,,,,,,,,,,0
Comoros,2009,,0,,,,,,,,
Comoros,2012,,0.4922021,,,,,,,,
Comoros,2014,,,0,0,,,,,,
Comoros,1983,,,,12.0028,,,,,,
Comoros,1985,,,,2.830331,,,,,,
Comoros,1987,,,,2.6664624,,,,,,
Comoros,1989,,,,1.53334,,,,,,
Comoros,2003,,,,0,,,,,,
Comoros,2019,,,,0,,,,,,
Comoros,2024,,,,0,,,,,,
Comoros,1991,,,,,,0,,,,
Comoros,2005,,,,,,0,,,,
Comoros,2006,,,,,,0,,,,
Congo,1983,0,,,,,,,,,
Congo,1994,,0,,,,,,,,
Congo,1998,,0.0030264459,,,,,,,,
Congo,1999,,0,,,,,,,,
Congo,2002,,0,,,,,,,,
Congo,2003,,0,,,,,,,,
Congo,2005,,0,,,,,,,,
Congo,2006,,0,,,,,,,,
Congo,2007,,0,,,,,,,,
Congo,2012,,0,,,,,,,,
Congo,2019,,0,,,,,,,,
Congo,2020,,0,,,,,,,,
Congo,2021,,0,,,,,,,,
Congo,2022,,0,,,,,,,,
Congo,2023,,0,,,,,,,,
Congo,2024,,0,,,,,,,,
Congo,1967,,,,,,,,,,0
Costa Rica,1973,0,,0.013081079,,,,,,,
Costa Rica,1994,0.009532976,0.028598927,,,,,,,,
Costa Rica,1998,0.16807637,,,0.6656555,,0,,,,
Costa Rica,2015,0,0,,,,0,,,,
Costa Rica,2019,0,,,,,,,,,
Costa Rica,1969,,0.46858698,,,,,,,,
Costa Rica,1970,,3.0462105,,,,,,,,
Costa Rica,1980,,0,,,,,,,,
Costa Rica,1988,,0.1950319,,1.3002126,,,,,,
Costa Rica,1991,,0,1.385862,,,0,,,,
Costa Rica,1993,,0,0,,,,,,,
Costa Rica,1996,,2.1406996,,1.7125598,,,,,,
Costa Rica,1999,,0.007015148,,,,,,,,
Costa Rica,2001,,0,,,,,,,,
Costa Rica,2002,,0.006031792,,,,,,,,
Costa Rica,2003,,0,0,,,,,,,
Costa Rica,2004,,0,0,,,,,,,
Costa Rica,2005,,0.1247465,,0.0997972,,,,,,
Costa Rica,2007,,0.297567,,,,,,,,
Costa Rica,2008,,0.07142452,,0,,,,,,
Costa Rica,2010,,0,,,,,,,,
Costa Rica,2011,,0,,,,,,,,
Costa Rica,2012,,0,0.09527508,,,,,,,
Costa Rica,2018,,0,,,,,,,,
Costa Rica,2021,,0,,,,,,,,
Costa Rica,2024,,0,,0.0010277878,,,,,,
Costa Rica,1983,,,0.19067155,,,,,,,
Costa Rica,1990,,,0.3414052,,,,,,,
Costa Rica,2009,,,0.65049714,,,,,,,
Costa Rica,1995,,,,0.054410752,,,,,,
Costa Rica,2016,,,,0,,,,,,
Costa Rica,2017,,,,0.30570406,,,,,,
Costa Rica,2020,,,,0,,,,,,
Costa Rica,2022,,,,0,,,,,,
Costa Rica,1963,,,,,,0,,,,
Costa Rica,1968,,,,,,0.64612716,,,,
Costa Rica,1975,,,,,,0,,,,
Costa Rica,1976,,,,,,0,0,,,
Costa Rica,1992,,,,,,,0,,,
Costa Rica,2000,,,,,,,,,,0
Cote d'Ivoire,1983,0,,,,,,,,,
Cote d'Ivoire,1989,,0,,,,,,,,
Cote d'Ivoire,1996,,0,,,,,,,,
Cote d'Ivoire,2007,,0,,,,,,,,
Cote d'Ivoire,2008,,0,,,,,,,,
Cote d'Ivoire,2010,,0,,,,,,,,
Cote d'Ivoire,2014,,0,,,,,,,,
Cote d'Ivoire,2015,,0,,,,,,,,
Cote d'Ivoire,2016,,0,,,,,,,,
Cote d'Ivoire,2017,,0,,,,,,,,
Cote d'Ivoire,2018,,0,,,,,,,,
Cote d'Ivoire,2019,,0,,,,,,,,
Cote d'Ivoire,2020,,0,,,,,,,,
Cote d'Ivoire,2022,,0,,,,,,,,
Cote d'Ivoire,2024,,0,,,,,,,,
Cote d'Ivoire,2009,,,,,,,,,,0
Croatia,2003,0.9362946,,,,0,,0.056745127,,,
Croatia,2001,,0,,,,,,,,
Croatia,2005,,0,,0,0,,,,,
Croatia,2006,,0,,,,,,,,
Croatia,2010,,0.1356352,,,,,,,,
Croatia,2012,,0,,,0,,,,,
Croatia,2014,,0,,,,,,,,
Croatia,2015,,0,,,,,,,,
Croatia,2018,,0,,,,,,,,
Croatia,2019,,0,,,,,,,,
Croatia,2022,,0,,,0,,,,,
Croatia,2023,,0,,0,0,,,,,
Croatia,1996,,,0,,,,,,,
Croatia,2020,,,22.468327,,,,,,,
Croatia,2017,,,,0.28654727,,,0,,,
Croatia,2000,,,,,1.0842845,,0.08019188,,,
Croatia,2024,,,,,0,,,,,
Croatia,1997,,,,,,,0,,,
Croatia,2007,,,,,,,0,,,
Cuba,1998,0.69940037,,,7.7711153,,,,,,
Cuba,2000,0,0,,,,,,,,
Cuba,2001,0,,,0.31563264,,,,,,
Cuba,2004,0.0082166325,,,3.1411145,,,,,,
Cuba,2015,0,0,,,,,,,,
Cuba,1977,,0,,,,,,,,
Cuba,1983,,0.27021015,,,,,,,,
Cuba,1985,,0,,0,,,,,,
Cuba,1986,,0,,,,,,,,
Cuba,1988,,0,,0,,,,,,
Cuba,1990,,0,,,,,,,,
Cuba,1992,,0.0117269615,0,,,,,,,
Cuba,1993,,0.625915,,4.4708214,,,,,,
Cuba,1994,,0,,0.35843232,,,,,,
Cuba,1995,,0,,0.0065725036,,,,,,
Cuba,1996,,0,,0.0519639,,,,,,
Cuba,1997,,0,,,,,,,,
Cuba,2002,,0,,0.13694347,,,,,,
Cuba,2003,,0,,,,,,,,
Cuba,2006,,0,,0,,,,,,
Cuba,2007,,0,,0.92144036,,,,,,
Cuba,2008,,0,,6.3443427,,,,,,
Cuba,2012,,0,,0,,,,,,
Cuba,2013,,0,,,,,,,,
Cuba,1976,,,0,,,,,,,
Cuba,1970,,,,0,,,,,,
Cuba,1978,,,,0,,,,,,
Cuba,1980,,,,0,,,,,,
Cuba,1982,,,,0.40565994,,,,,,
Cuba,1999,,,,0,,,0,,,
Cuba,2005,,,,4.92451,,,,,,
Cuba,2016,,,,2.8455603,,,,,,
Cuba,2017,,,,0.5575595,,,,,,
Cuba,2018,,,,0,,,,,,
Cuba,2019,,,,0,,,,,,
Cuba,2020,,,,0,,,,,,
Cuba,1987,,,,,,,0,,,
Cyprus,2000,0,,,,0,,0,,,
Cyprus,2024,,0,,,0,,,,,
Cyprus,1995,,,0.043692138,,,,,,,
Cyprus,1983,,,,0,,,,,,
Cyprus,2003,,,,0.068741135,,,,,,
Cyprus,2004,,,,0,,,,,,
Cyprus,1998,,,,,0,,,,,
Cyprus,2007,,,,,0,,,,,
Cyprus,2022,,,,,0,,,,,
Cyprus,2023,,,,,0,,,,,
Cyprus,2021,,,,,,,0.15474452,,,
Czechia,1996,,0.05309413,,,,,,,,
Czechia,1997,,2.958118,,,,,,,,
Czechia,1998,,0.07739568,,,,,,,,
Czechia,2000,,0.12866776,,,,,,,,
Czechia,2002,,2.9052923,,0.024210768,,,,,,
Czechia,2005,,0,,0,0,,,,,
Czechia,2006,,0,,,0,,,,,
Czechia,2007,,0,,0.07893046,,,,,,
Czechia,2009,,0.072473615,,0,,,,,,
Czechia,2010,,0.16458881,,,0,,,,,
Czechia,2013,,0.38894707,,,,,,,,
Czechia,2020,,0.012743437,,0,,,,,,
Czechia,2021,,0,,0.24091606,,,,,,
Czechia,2023,,0,,,0,,,,,
Czechia,2008,,,,0.02114109,,,,,,
Czechia,2017,,,,0.0013088793,,,,,,
Czechia,2022,,,,0,0,,,,,
Czechia,2024,,,,0.8694728,0,,,,,
Czechia,2003,,,,,0,,,,,
Czechia,2012,,,,,0,,,,,
Czechia,2018,,,,,0,,,,,
Democratic Republic of Congo,1978,0,,,,,,,,,
Democratic Republic of Congo,1979,0,,,,,,,,,
Democratic Republic of Congo,1984,0,,,,,,,,,
Democratic Republic of Congo,2022,0,0,,,,,,,,
Democratic Republic of Congo,1990,,0,,,,,,,,
Democratic Republic of Congo,1994,,0,,,,,,,,
Democratic Republic of Congo,1997,,0,,,,,,,,
Democratic Republic of Congo,1999,,0,,,,,,,,
Democratic Republic of Congo,2001,,0,,,,,,,,0
Democratic Republic of Congo,2002,,0,,,,0.10311595,,,,
Democratic Republic of Congo,2003,,0,,0,,,,,,
Democratic Republic of Congo,2006,,0,,0,,,,,,
Democratic Republic of Congo,2007,,0,,,,,,,,
Democratic Republic of Congo,2008,,0,0.035374053,0,,,,,,
Democratic Republic of Congo,2009,,0,,,,,0,,,
Democratic Republic of Congo,2010,,0,,,,,0,,,0
Democratic Republic of Congo,2011,,0,,,,,,,,
Democratic Republic of Congo,2012,,0,,,,,,,,
Democratic Republic of Congo,2014,,0.04177221,,,,,,,,0
Democratic Republic of Congo,2015,,0,0,,,,0,,,
Democratic Republic of Congo,2016,,0,,,,,,,,
Democratic Republic of Congo,2017,,0,,,,,,,,0
Democratic Republic of Congo,2018,,0,,,,,,,,
Democratic Republic of Congo,2019,,0,,,,,,,,0
Democratic Republic of Congo,2020,,0,,,,,,,,
Democratic Republic of Congo,2023,,0.014923868,,,,,,,,0
Democratic Republic of Congo,2024,,0,,0,,,,,,0
Democratic Republic of Congo,1966,,,0.00441242,,,,,,,
Democratic Republic of Congo,1992,,,0,,,,,,,
Democratic Republic of Congo,2005,,,0,0,,,,,,
Democratic Republic of Congo,1977,,,,,,0,,,,
Democratic Republic of Congo,2021,,,,,,0,,,,
Democratic Republic of Congo,1968,,,,,,,,,,0
Democratic Republic of Congo,1989,,,,,,,,,,0
Denmark,1992,0.4914148,,,,,,,,,
Denmark,1976,,,,0,,,,,,
Denmark,1980,,,,0,,,,,,
Denmark,1981,,,,0.406769,,,,,,
Denmark,1983,,,,0,,,,,,
Denmark,1985,,,,0,,,,,,
Denmark,1990,,,,0.13746427,,,,,,
Denmark,1999,,,,1.4643726,,,,,,
Denmark,2002,,,,0,,,,,,
Denmark,2005,,,,0.49028835,,,,,,
Denmark,2007,,,,0.031229198,,,,,,
Denmark,2010,,,,0,,,,,,
Denmark,2013,,,,0,,,,,,
Denmark,2022,,,,0,0,,,,,
Denmark,2023,,,,,0,,,,,
Denmark,2024,,,,,0,,,,,
Djibouti,1988,0,,,,,,,,,
Djibouti,1996,0,,,,,,,,,
Djibouti,2001,0,,,,,,,,,
Djibouti,2005,0,,,,,,,,,
Djibouti,2006,0,,,,,,,,,
Djibouti,2007,0,,,,,,,,,
Djibouti,2008,0,,,,,,,,,
Djibouti,2009,0,,,,,,,,,
Djibouti,2010,0,,,,,,,,,
Djibouti,2011,0,,,,,,,,,
Djibouti,2022,0,,,,,,,,,
Djibouti,1989,,0.268804,,,,,,,,
Djibouti,1993,,0,,,,,,,,
Djibouti,1994,,0.43096328,,,,,,,,
Djibouti,2004,,0,,,,,,,,
Djibouti,2019,,0,,,,,,,,
Djibouti,2020,,0,,,,,,,,
Djibouti,1995,,,,0,,,,,,
Djibouti,2018,,,,0,,,,,,
Dominica,2004,,,0,,,,,,,
Dominica,1979,,,,81.15562,,,,,,
Dominica,1980,,,,0,,,,,,
Dominica,1984,,,,1.8322221,,,,,,
Dominica,1989,,,,10.802796,,,,,,
Dominica,1995,,,,71.0325,,,,,,
Dominica,1999,,,,0,,,,,,
Dominica,2007,,,,4.497564,,,,,,
Dominica,2011,,,,0,,,,,,
Dominica,2015,,,,82.789505,,,,,,
Dominica,2017,,,,258.45135,,,,,,
Dominican Republic,1968,0.46334907,,,,,,,,,
Dominican Republic,1979,,0,,2.7278678,,,,,,
Dominican Republic,1981,,0,,,,,,,,
Dominican Republic,1985,,0,,,,,,,,
Dominican Republic,1988,,0,,,,,,,,
Dominican Republic,1991,,0,,,,,,,,
Dominican Republic,1993,,0,,,,,,,,
Dominican Republic,1996,,0,,0,,,,,,
Dominican Republic,2002,,0.0018424729,,,,,,,,
Dominican Republic,2003,,0.20894103,0,0,,,,,,
Dominican Republic,2004,,0,,1.3305029,,,,,,
Dominican Republic,2005,,0,,0,,,0,,,
Dominican Republic,2007,,0,,0.37006325,,,,,,
Dominican Republic,2009,,0.1086663,,,,,,,,
Dominican Republic,2010,,0,,0,,,,,,
Dominican Republic,2011,,0,,0.05177032,,,,,,
Dominican Republic,2012,,0,,0.04953631,,,,,,
Dominican Republic,2013,,0.00016305542,,,,,,,,
Dominican Republic,2014,,0,,,,,,,,
Dominican Republic,2015,,0,,0,,,,,,
Dominican Republic,2016,,0,,0,,,,,,
Dominican Republic,2018,,0,,0,,,,,,
Dominican Republic,2022,,0,,0,,,,,,
Dominican Republic,2023,,0.014528098,,0,,,,,,
Dominican Republic,2024,,0,,0,,,,,,
Dominican Republic,1963,,,,6.3775516,,,,,,
Dominican Republic,1964,,,,0.09750391,,,,,,
Dominican Republic,1966,,,,0.50818175,,,,,,
Dominican Republic,1980,,,,0.6951326,,,,,,
Dominican Republic,1986,,,,0,,,,,,
Dominican Republic,1987,,,,0.40672377,,,,,,
Dominican Republic,1989,,,,0,,,,,,
Dominican Republic,1995,,,,0,,,,,,
Dominican Republic,1998,,,,9.1430435,,,,,,
Dominican Republic,2001,,,,0.000039059716,,,,,,
Dominican Republic,2008,,,,0,,,,,,
Dominican Republic,2017,,,,0.07967596,,,,,,
Dominican Republic,2020,,,,0.21006618,,,,,,
Dominican Republic,2021,,,,0,,,,,,
Dominican Republic,1965,,,,,,,0.11259993,,,
Dominican Republic,1983,,,,,,,0,,,
East Timor,2007,0,0,,,,,,,,
East Timor,2016,0,,,,,,,,,
East Timor,2001,,0,,,,,,,,
East Timor,2003,,0,,,,,,,,
East Timor,2004,,0,,,,,,,,
East Timor,2020,,0.9248045,,,,,,,,
East Timor,2015,,,0.25152767,,,,,,,
East Timor,2006,,,,0,,,,,,
East Timor,2021,,,,0,,,,,,
Ecuador,1964,0,,,,,,,,,
Ecuador,1997,0,0.48643118,,,,,,,,
Ecuador,2009,0.00040507046,0,,,,,,,,
Ecuador,2010,0.0021372628,0,,,,0,,,,
Ecuador,2013,0,0,,,,,,,,0
Ecuador,1965,,0.16757104,,,,,,,,
Ecuador,1967,,0.0039160475,,,,,,,,
Ecuador,1970,,0.018165918,0.13973784,,,,,,,
Ecuador,1971,,0.0018153965,,,,,,,,0
Ecuador,1973,,0,,,,,,,,0
Ecuador,1982,,0.26021862,,,,,,,,
Ecuador,1983,,1.0508035,,,,,,,,0
Ecuador,1987,,0,10.756214,,,,,,,0
Ecuador,1989,,0.10798496,,,,,,,,
Ecuador,1992,,0.110532425,,,,,,,,
Ecuador,1998,,0.4789203,0,,,,,,,
Ecuador,2000,,0,,,,,,,,0
Ecuador,2001,,0,,,,0.047455244,,,,
Ecuador,2002,,0.059140548,,,,0,,,0,
Ecuador,2003,,0,,,,0,,,,
Ecuador,2006,,0.0061281533,,,,0.32829392,,,,
Ecuador,2008,,1.6356055,,,,,,,,
Ecuador,2011,,0,,,,,,,,0
Ecuador,2012,,0,,,,,0,,,
Ecuador,2015,,0,,,,0,,,,
Ecuador,2016,,0.010238408,2.0476816,,,0,,,,
Ecuador,2019,,0,0,,,,,,,0
Ecuador,2020,,0,,,,0,,,,
Ecuador,2021,,0,0,,,0,,,,
Ecuador,2022,,0.045637283,0,,,,,,,
Ecuador,2023,,0.16921583,0,,,,,,,0
Ecuador,2024,,0.080207855,,,,,,,,0.008020785
Ecuador,1976,,,0.2639706,,,0,,,,0
Ecuador,1980,,,0,,,,,,,
Ecuador,1990,,,0,,,,,,,
Ecuador,1995,,,0,,,,,,,
Ecuador,1996,,,0.027748715,,,,,,,
Ecuador,1975,,,,,,0,,,,
Ecuador,1999,,,,,,0,,,,
Ecuador,1985,,,,,,,0,,,
Ecuador,1994,,,,,,,0,,,
Ecuador,1966,,,,,,,,,,0
Ecuador,1993,,,,,,,,,,2.6400943
Egypt,1975,,0,,,,,,,,
Egypt,1979,,0.07768899,,0,,,,,,
Egypt,1991,,0,,,,,,,,
Egypt,1994,,0.26976,,,,,,,,
Egypt,1995,,0,0,,0,,,,,
Egypt,1996,,0,,,0,,,,,
Egypt,1997,,0.0012749154,,0.0012749154,,,,,,
Egypt,2002,,0,0,,,,,,,
Egypt,2010,,0,,0,,,,,,
Egypt,2020,,0.01980106,,,,,,,,
Egypt,2021,,0,,,,,,,,
Egypt,1969,,,0,,,,,,,
Egypt,1992,,,2.8669734,,,,,,,
Egypt,1987,,,,0,,,,,,
Egypt,2004,,,,0,,,,,,
Egypt,2015,,,,0,0,,,,,
Egypt,2016,,,,0.007520115,,,,,,
Egypt,2000,,,,,0,,,,,
Egypt,1993,,,,,,,,,0,
Egypt,2008,,,,,,,,,0,
El Salvador,1994,0.013021878,,,,,,,,,
El Salvador,1998,1.5544037,,,3.548612,,,,,,
El Salvador,2001,0.1823728,0,15.049827,,,,,,,
El Salvador,2009,0.15339497,,,5.3347363,,,,,,
El Salvador,2015,0.18304154,0,,0,,,,,,
El Salvador,2016,0.23602691,,,,,,,,,
El Salvador,2018,0.10009685,0,0,,,,,,,
El Salvador,2019,0.040749565,,0,,,,,,,
El Salvador,1982,,8.237259,0.1470939,,,,,,,
El Salvador,1988,,0,,,,,,,,0
El Salvador,1989,,0,,,,,,,,
El Salvador,1992,,0,,,,,,,,
El Salvador,1995,,0,,,,,,,,
El Salvador,1999,,0.013292926,,,,,,,,
El Salvador,2000,,0,,0,,,,,,
El Salvador,2002,,0,,0,,,,,,
El Salvador,2005,,0,0,2.420057,,0,,,,
El Salvador,2007,,0,,0,,,,,,
El Salvador,2008,,0,,,,,,,,
El Salvador,2011,,4.9300475,,,,,,,,
El Salvador,2021,,0,,,,,,,,
El Salvador,1965,,,3.9876041,,,,,,,
El Salvador,1986,,,39.770252,,,,,,,
El Salvador,2006,,,0,,0,,,,,
El Salvador,1969,,,,0.15246807,,,,,,
El Salvador,1996,,,,0.00010431523,,,,,,
El Salvador,1997,,,,0,,,,,,
El Salvador,2010,,,,0.10841331,,,,,,
El Salvador,2017,,,,0,,,,,,
El Salvador,2020,,,,0.8827829,,,,,,0
El Salvador,2022,,,,0.0533415,,,,,,
El Salvador,2023,,,,0,,,,,,
El Salvador,2024,,,,0,,,,,,
El Salvador,2013,,,,,,0,,,,
El Salvador,1993,,,,,,,,,,0
Eritrea,1993,0,,,1.1039327,,,,,,
Eritrea,1999,0,,,,,,,,,
Eritrea,2000,0,,,,,,,,,
Eritrea,2001,0,,,,,,,,,
Eritrea,2002,0,,,,,,,,,
Eritrea,2003,0,0,,,,,,,,
Eritrea,2008,0,,,,,,,,,
Eritrea,2004,,0,,,,,,,,
Estonia,2005,,,,0.9213656,,,,,,
Estonia,2006,,,,,0,,,,,
Estonia,2012,,,,,0,,,,,
Estonia,2018,,,,,0,,,,,
Estonia,2022,,,,,0,,,,,
Estonia,2023,,,,,0,,,,,
Estonia,2024,,,,,0,,,,,
Eswatini,1983,0,,,,,,,,,
Eswatini,1990,0.005043088,,,,,,,,,
Eswatini,1991,0.029094508,,,,,,,,,
Eswatini,1992,0.026181702,,,,,,,,,
Eswatini,1993,0.024784453,,,,,,,,,
Eswatini,1994,0.023699949,,,,,,,,,
Eswatini,1995,0.0198528,,,,,,,,,
Eswatini,2001,0,,,,,,,,,
Eswatini,2002,0,,,,,,,,,
Eswatini,2003,0,,,,,,,,,
Eswatini,2004,0,,,,,,,,,
Eswatini,2007,0,,,,,,0,,,
Eswatini,2016,0,,,,,,,,,
Eswatini,2017,0,,,,,,,,,
Eswatini,2019,0,,,,,,,,,
Eswatini,2000,,0.0028767146,,,,,,,,
Eswatini,2008,,0,,,,,,,,
Eswatini,2014,,0,,,,,,,,
Eswatini,1984,,,,10.951227,,,,,,
Eswatini,2005,,,,0,,,,,,
Eswatini,2006,,,,0,,,,,,
Eswatini,2021,,,,0,,,,,,
Eswatini,2022,,,,0,,,,,,
Ethiopia,1965,0,,,,,,,,,
Ethiopia,1969,0.036114287,,0.011556571,,,,,,,
Ethiopia,1973,0.031167915,,,,,,,,,
Ethiopia,1974,0.32635757,,,,,,,,,
Ethiopia,1975,0.32636914,,,,,,,,,
Ethiopia,1976,0.3021573,0,,,,,,,,
Ethiopia,1977,0.26430455,0,,,,0,,,,
Ethiopia,1978,0.24902903,0,,,,,,,,
Ethiopia,1983,0,,,,,,,,,
Ethiopia,1984,0,,,,,,,,,
Ethiopia,1987,0,,,,,,,,,
Ethiopia,1989,0,,,,,,,,,
Ethiopia,1990,0,0,,,,,,,,
Ethiopia,1991,0,,,,,,,,0,
Ethiopia,1992,0,,,,,,,,,
Ethiopia,1993,0,0,,,,,,,,
Ethiopia,1994,0,0.049290173,,,,,,,,0
Ethiopia,1997,0,0,,,,,,,,
Ethiopia,1998,0.19467698,,,,,,,,,
Ethiopia,1999,0,0.034207642,,,,,,,,
Ethiopia,2000,0,0,,,,,0,,,0
Ethiopia,2003,0,0,,,,,,,,
Ethiopia,2004,0,,,,,,,,,
Ethiopia,2005,0,0.049995407,,,,0,,,,
Ethiopia,2006,0,0.020941228,,,,,,,,
Ethiopia,2008,0,0,,,,,,,,
Ethiopia,2009,0,,,,,,,,,
Ethiopia,2010,0,0,,,,,,,,
Ethiopia,2011,0,0,,,,,,,,
Ethiopia,2012,0,,,,,,,,,
Ethiopia,2015,0.43493417,0,,,,,,,,
Ethiopia,2016,1.1312208,0,,,,,,,,
Ethiopia,2017,0.3407306,,,,,,,,,
Ethiopia,2021,0,0,,,,,,,,
Ethiopia,2022,0.43459147,0,,,,,,,,
Ethiopia,1968,,0.03511519,,,,,,,,
Ethiopia,1981,,0,,,,,,,,
Ethiopia,1985,,0,,,,,,,,
Ethiopia,1988,,0,,,,,,,,
Ethiopia,1995,,0.006365206,,,,,,,,
Ethiopia,1996,,0,,,,,,,,
Ethiopia,2001,,0,,,,,,,,
Ethiopia,2002,,0,,,,,,,,
Ethiopia,2007,,0,,,,0,,,,
Ethiopia,2013,,0.004617166,,,,,,,,
Ethiopia,2019,,0,,,,,,,,0
Ethiopia,2020,,0,,,,,,,,0
Ethiopia,1961,,,0,,,,,,,
Ethiopia,2018,,,,,,,,,,0.000042720243
European Union (27),1976,0,,0.20279652,0,,,,,,
European Union (27),1980,0.01134777,0,0.6042762,0,,,,,,
European Union (27),1981,0.06348479,0,0.03115861,0.008650363,,,,,,
European Union (27),1982,0.013441925,0.037053384,0.001255439,0.01255439,,,0,,,0.02510878
European Union (27),1983,0.017328177,0.1698536,0.0018444303,0.00007377721,,,0,,,0
European Union (27),1986,0.013321724,0.00053286896,0.01984937,0,,,0,,,
European Union (27),1989,0.030752158,0.007207537,,0,,,,,,
European Union (27),1990,0.01970315,,0.00768557,0.1550948,0,,0.024363257,,,0
European Union (27),1991,0.01253297,0.002794444,0,0.00054997037,0.011475058,0,0,,,
European Union (27),1992,0.027496146,0.009810132,0.0020299626,0.0054132333,,,0,,,
European Union (27),1993,0.012489945,0.018820534,0,0.023561617,,,,,,
European Union (27),1994,0.011779588,0.14364052,,0.014671878,0,,0,,,
European Union (27),1995,0.010188555,0.00008134142,0.010568841,0.030362643,0.009933294,,0,,,
European Union (27),1997,0.010599948,0.08046912,0.058492318,0.00038780295,0,,0,,,0.00021070628
European Union (27),1999,0.04032202,0.018002523,0.05347713,0.21662281,0,,0,,,0.0008077005
European Union (27),2000,0.0068601384,0.11470837,0,0.0016464333,0.0033347132,,0.00048501178,,,0
European Union (27),2001,0,0.013207351,0,0.0073842905,0,0.000041848813,0,,,
European Union (27),2002,0,0.22699054,0.015999148,0.029395347,0,,,,,
European Union (27),2003,0.0043186294,0.029175857,0.0056378404,0.0031139327,0.118912965,,0.017575817,,,
European Union (27),2004,0.002927923,0.00012476959,0.00019215478,0.0074529853,0,,0.000026202924,,,
European Union (27),2005,0.00838954,0.02294562,,0.04374976,0.003346062,,0.031034725,,,
European Union (27),2006,0.0017666551,0.000044320474,0,0.00007831856,0,,0.005161193,,,0
European Union (27),2012,0.008076753,0.0046112146,0.107237555,0.0000400444,0.00089998776,,0,,,
European Union (27),2017,0.015467231,0.0008406104,0.0001210479,0.015014647,0,,0.0049226144,,,
European Union (27),2018,0,0.0053566475,,0.013136749,0,0.00071463396,0.00063384924,,,
European Union (27),2022,0,0.00027653424,,0.0093643665,0,,0,0,,0
European Union (27),2023,0.0110800015,0.06595826,0.0023921293,0.00075258,0,,0.0010751144,,,0
European Union (27),2024,0.0017444162,0.08005841,,0.016595835,0,,0.0029861014,,,
European Union (27),1962,,0.028578004,0,,,,,,,
European Union (27),1965,,0,0.0017145736,0,,,,,,0
European Union (27),1966,,0.3959351,0.0035634157,,,,0,,,
European Union (27),1967,,0.0005577923,0.0009296538,0.0037186153,,,,,,
European Union (27),1968,,0,0.043413315,,,,,,,
European Union (27),1970,,0.11712562,,0.00043923824,,,,,,0
European Union (27),1971,,0,0.0050514694,0.0066786255,0.012142955,,,,,
European Union (27),1972,,0.0020127082,0.030190624,0,,,,,,
European Union (27),1973,,0.031100547,,0.03732066,,,,,,
European Union (27),1975,,0.0029513752,,,,,,,,0
European Union (27),1977,,0.019489186,0.09943462,,,,,,,0.0005468904
European Union (27),1978,,0.0010207286,0.010207286,0.000040829145,,,,,,
European Union (27),1979,,0.0010844273,0,,,0,,,,
European Union (27),1984,,0,0.00095687987,0.03831347,,,0,,,0
European Union (27),1985,,0.0007741748,,0,0,,0.0035358944,,,
European Union (27),1987,,0.03993865,,0.07030107,0,,0,,,0.013470942
European Union (27),1988,,0.009815302,0,,0,,,,,
European Union (27),1996,,0.013959016,0,0.0008004869,0,,,,,0.00023714616
European Union (27),1998,,0.009874399,0.0009033758,0.003784768,0,,0.008997472,,,0.0003600956
European Union (27),2007,,0.0027046248,,0.05336225,0,,0.011849327,,,
European Union (27),2008,,0.0016987419,0,0.02065377,0,,,,,
European Union (27),2009,,0.0033005353,0.016839465,0.038057193,0,,0.00077461544,,,
European Union (27),2010,,0.055945292,,0.047332887,0,,,,,
European Union (27),2011,,0.005479851,0.0012597358,0.0006235692,0,,,,,
European Union (27),2013,,0.10502985,0,0.031233855,0,,0,,,
European Union (27),2014,,0.009686117,0.0039835507,0.008734632,0,,,,,
European Union (27),2015,,0.008830392,,0.006363916,0,,,,,
European Union (27),2016,,0.03292208,0.038597316,0.0060326178,0,,0.0011221812,,,
European Union (27),2019,,0.01581348,0,0.0026250375,0,,,,,
European Union (27),2020,,0.0017412942,0.083991,0.015104114,0,,,,,0
European Union (27),2021,,0.24141467,0.00022859072,0.014864111,0.032002702,0.005714768,0.0039203307,,,
European Union (27),1964,,,0,,,,,,,
European Union (27),1969,,,0,0.000015523654,,,,,,
European Union (27),1961,,,,0,,,,,,0
European Union (27),1963,,,,,0,,,,,0
European Union (27),1960,,,,,,,,,,0
Fiji,1983,2.6712132,,,4.5277953,,,,,,
Fiji,1998,0,,,,,,,,,
Fiji,2015,0,,,,,,,,,
Fiji,1964,,0.78553057,,,,,,,,
Fiji,1986,,1.1935511,,1.5500664,,,,,,
Fiji,1989,,0,,,,,,,,
Fiji,2004,,0,,0.14770621,,,,,,
Fiji,2006,,0.016253263,,0,,,,,,
Fiji,2007,,1.0952207,,0.019299565,,,,,,
Fiji,2009,,1.5065362,,0.4633138,,,,,,
Fiji,2012,,2.240669,,0.21147886,,,,,,
Fiji,1990,,,0,0.7479333,,,,,,
Fiji,1965,,,,0,,,,,,
Fiji,1972,,,,7.105488,,,,,,
Fiji,1973,,,,0,,,,,,
Fiji,1975,,,,0.14613849,,,,,,
Fiji,1978,,,,0,,,,,,
Fiji,1979,,,,0,,,,,,
Fiji,1980,,,,0.18759061,,,,,,
Fiji,1981,,,,0,,,,,,
Fiji,1985,,,,6.6598377,,,,,,
Fiji,1987,,,,2.1223347,,,,,,
Fiji,1992,,,,0.104410626,,,,,,
Fiji,1993,,,,6.112091,,,,,,
Fiji,1997,,,,1.2917293,,,,,,
Fiji,1999,,,,0.18074217,,,,,,
Fiji,2003,,,,1.3040686,,,,,,
Fiji,2008,,,,0.85150206,,,,,,
Fiji,2010,,,,1.2555703,,,,,,
Fiji,2016,,,,12.169858,,,,,,
Fiji,2018,,,,1.0749942,,,,,,
Fiji,2019,,,,0,,,,,,
Fiji,2020,,,,0.31855854,,,,,,
Fiji,2021,,,,0.23228633,,,,,,
Fiji,2022,,,,0.5030684,,,,,,
Fiji,2023,,,,0,,,,,,
Finland,2005,,0,,,,,,,,
Finland,1990,,,,0.00706983,,,,,,
Finland,2022,,,,,0,,,,,
Finland,2023,,,,,0,,,,,
Finland,2024,,,,,0,,,,,
France,1989,0.15736535,,,0,,,,,,
France,1997,0.00068994437,,,,0,,0,,,
France,2022,0,,,0,0,,,,,
France,1977,,0,,,,,,,,
France,1978,,0,,,,,,,,
France,1979,,0,,,,,,,,
France,1980,,0,,,,,,,,
France,1981,,0,,,,,,,,
France,1983,,0.11014603,,0,,,0,,,0
France,1987,,0,,0.18352172,,,,,,
France,1988,,0.049464416,,,,,,,,
France,1992,,0,,0.028783955,,,,,,
France,1993,,0.045648783,,0.04184472,,,,,,
France,1994,,0.0072159297,,,,,,,,
France,1996,,0.0003752605,,6.254342e-7,,,,,,
France,1999,,0.03362665,,0.8070396,,,0,,,0.0007256631
France,2000,,0,,0,,,,,,
France,2001,,0.009657929,,0,,,,,,
France,2002,,0.07973585,,0.00006700492,,,,,,
France,2003,,0.0817396,,0.000002724653,0.23976947,,0,,,
France,2005,,0,,,0,,0.0004561739,,,
France,2010,,0.056684416,,0.15985006,0,,,,,
France,2011,,0,,0,,,,,,
France,2013,,0.023259303,,0,,,,,,
France,2014,,0.010589829,,0.006360887,,,,,,
France,2015,,0.03783035,,0,0,,,,,
France,2016,,0.09714996,,,,,,,,
France,2017,,0,,0.021244803,,,0,,,
France,2018,,0.025596997,,0.0071901674,0,,,,,
France,2019,,0,0,0.015241699,0,,,,,
France,2020,,0.0020015666,,0.036519147,0,,,,,
France,2021,,0.0011124469,,0,0.18877888,,,,,
France,2023,,0.054065894,0.014581407,0.0013106883,0,,0,,,
France,2024,,0,,0,0,,,,,
France,1967,,,0,0.016984936,,,,,,
France,1969,,,,0,,,,,,
France,1976,,,,0,,,,,,
France,1982,,,,0.06053768,,,0,,,0
France,1984,,,,0,,,0,,,
France,1985,,,,0,0,,0,,,
France,1990,,,,0.15187062,0,,,,,0
France,1995,,,,0.043881115,,,,,,
France,1998,,,,0.010020667,,,,,,0
France,2004,,,,0,,,,,,
France,2006,,,,0,0,,,,,
France,2007,,,,0.009413299,,,,,,
France,2008,,,,0.002733358,,,,,,
France,2009,,,,0.118515186,0,,0,,,
France,1991,,,,,0.06132037,,,,,
France,2012,,,,,0,,,,,
France,1986,,,,,,,0,,,
France,1961,,,,,,,,,,0
France,1970,,,,,,,,,,0
French Polynesia,2017,,0.0342856,,,,,,,,
French Polynesia,1983,,,,2.8812144,,,,,,
French Polynesia,2010,,,,0.18072355,,,,,,
French Polynesia,1987,,,,,,,,,,0
French Polynesia,1998,,,,,,,,,,0
Gabon,1988,,0,,,,,,,,
Gabon,2012,,0,,,,,,,,
Gabon,2024,,0,,,,,,,,
Gabon,2009,,,,0,,,,,,
Gabon,2010,,,,0,,,,,,
Gabon,2011,,,,0,,,,,,
Gabon,2023,,,,0,,,,,,
Gambia,1968,1.2147697,,,,,,,,,
Gambia,1971,0.07173687,,,,,,,,,
Gambia,1972,0.06757542,,,,,,,,,
Gambia,1973,0.053170897,,,,,,0,,,
Gambia,1974,0.041732423,,,,,,,,,
Gambia,1975,0.03480474,,,,,,,,,
Gambia,1977,0,,,,,,,,,
Gambia,1978,0,,,,,,,,,
Gambia,1980,0,,,,,,,,,
Gambia,1981,0,,,,,,,,,
Gambia,1982,0,,,,,,,,,
Gambia,1983,0,,,,,,,,,
Gambia,1984,0,,,,,,,,,
Gambia,1985,0,,,,,,,,,
Gambia,2002,0,,,,,,,,,
Gambia,2012,0,,,,,,,,,
Gambia,2015,0,,,,,,,,,
Gambia,1996,,0,,,,,,,,
Gambia,1999,,0,,,,,,,,
Gambia,2001,,0,,,,,,,,
Gambia,2007,,0,,,,,,,,
Gambia,2008,,0,,0,,,,,,
Gambia,2009,,0,,0,,,,,,
Gambia,2010,,0,,,,,,,,
Gambia,2013,,0,,,,,,,,
Gambia,2017,,0,,,,,,,,
Gambia,2022,,0,,,,,,,,
Gambia,2003,,,,0,,,,,,
Gambia,2004,,,,0,,,,,,
Gambia,2019,,,,0,,,,,,
Gambia,2021,,,,0,,,,,,
Georgia,2000,1.932096,,,,,,,,,
Georgia,2001,4.3773346,,,0,,,,,,
Georgia,1995,,0.08167106,,,,,,,,
Georgia,1997,,0.8403313,,,,,,,,
Georgia,2004,,0.042065296,,,,,,,,
Georgia,2005,,0,,,,,,,,
Georgia,2006,,0,,,,,,,,
Georgia,2011,,0,,,,,,,,
Georgia,2012,,0.017757371,,0.53864026,,,,,,
Georgia,2013,,0,,0,,,,,,
Georgia,2014,,0,,,,,,,,
Georgia,2015,,0.15107927,,,,,,,,
Georgia,2018,,0,,,,,,,,
Georgia,2019,,0,,,,,,,,
Georgia,2020,,0,,,,,,,,
Georgia,2021,,0,,,,,,,,
Georgia,2022,,0,,,,,,,,
Georgia,2023,,0,,,,,,,,0
Georgia,1991,,,0,,,,,,,
Georgia,1992,,,0,,,,,,,
Georgia,2002,,,10.306951,,,,,,,
Georgia,2009,,,0,,,,,,,
Germany,1991,,0.0029854048,,0.00026655398,,,,,,
Germany,1993,,0.026640613,,0.019721454,,,,,,
Germany,1994,,0.0198464,,0.047181338,,,,,,
Germany,1997,,0.016225053,,,0,,,,,
Germany,1999,,0.01942297,,0.07904697,,,,,,0.00028140724
Germany,2002,,0.5517633,,0.09750989,,,,,,
Germany,2005,,0.0076035294,,0.0093316045,0.010368449,,,,,
Germany,2006,,0,,0,0,,,,,
Germany,2007,,0,,0.15786196,,,,,,
Germany,2009,,0.0005747455,,0.0014368638,0,,,,,
Germany,2010,,0,,0.02883378,0,,,,,
Germany,2013,,0.33875284,,0.12604757,,,,,,
Germany,2016,,0.05653256,,,,,,,,
Germany,2017,,0,,0.023889927,,,,,,
Germany,2021,,0.9199003,,0,,,,,,
Germany,2024,,0.09656798,,,0,,,,,
Germany,1992,,,0.0023349456,,,,,,,
Germany,2004,,,0.00042071048,0.004557697,,,,,,
Germany,1990,,,,0.249696,,,,,,
Germany,1995,,,,0.020423802,,,,,,
Germany,1996,,,,0.000019947525,,,,,,
Germany,1998,,,,0.006673309,,,,,,
Germany,2001,,,,0.01525645,,,,,,
Germany,2003,,,,0.011835648,0.065096065,,,,,
Germany,2008,,,,0.07088873,,,,,,
Germany,2014,,,,0.010086236,,,,,,
Germany,2018,,,,0.014523045,0,,,,,
Germany,2019,,,,0,0,,,,,
Germany,2020,,,,0,,,,,,
Germany,2022,,,,0.024573851,0,,,,,
Germany,2023,,,,0,0,,,,,
Germany,2012,,,,,0,,,,,
Ghana,1971,0.0041371747,,,,,,,,,
Ghana,1977,0,,,,,,,,,
Ghana,1983,0,,,,,,,,,
Ghana,1984,0,,,,,,,,,
Ghana,1985,0,,,,,,0,,,
Ghana,1968,,4.481347,,,,,,,,
Ghana,1989,,0,,,,,,,,
Ghana,1991,,0,,,,,,,,
Ghana,1995,,0.19336726,,,,,,,,
Ghana,1999,,0.27208734,,,,,,,,
Ghana,2001,,0,,,,,,,,
Ghana,2002,,0,,,,,,,,
Ghana,2007,,0,,,,,,,,
Ghana,2008,,0,,,,,,,,
Ghana,2009,,0,,,,,,,,
Ghana,2010,,0,,,,,,,,
Ghana,2011,,0,,,,,,,,
Ghana,2013,,0,,,,,,,,
Ghana,2015,,0.024273412,,,,,,,,
Ghana,2016,,0,,,,,,,,
Ghana,2017,,0,,0,,,,,,
Ghana,2018,,0,,,,,,,,
Ghana,2019,,0,,,,,,,,
Ghana,2020,,0,,,,,,,,
Ghana,2021,,0,,,,,,,,
Ghana,2022,,0,,,,,,,,
Ghana,2023,,0,,,,,,,,
Greece,1990,1.0359519,,0,0,,,,,,
Greece,1977,,0.078490555,,,,,,,,
Greece,1979,,0,,,,,,,,
Greece,1994,,0.3806747,,,,,,,,
Greece,1997,,0.11530197,,,,,,,,
Greece,1998,,0,,,,,0.48347998,,,
Greece,2000,,0,0,,0.0023854931,,0,,,
Greece,2001,,0,0,,,,,,,
Greece,2002,,0,0,0,,,,,,
Greece,2003,,0.304676,,,,,,,,
Greece,2006,,0.0021031434,,0,,,,,,
Greece,2007,,0,,,0,,0.55692226,,,
Greece,2010,,0,,,,,,,,
Greece,2012,,0,,,0,,,,,
Greece,2014,,0,0.26847753,,,,,,,
Greece,2015,,0,,,,,,,,
Greece,2016,,0.029000932,,,,,,,,
Greece,2017,,0,0,,0,,,,,
Greece,2020,,0.015677013,0,0.5225671,,,,,,
Greece,2023,,0,,0,0,,0.08213609,,,
Greece,2024,,0,,,0,,0.023333156,,,
Greece,1965,,,0.10551014,,,,,,,
Greece,1966,,,0.21246405,,,,,,,
Greece,1967,,,0.054665163,,,,,,,
Greece,1968,,,0.00602995,,,,,,,
Greece,1978,,,0.5726789,,,,,,,
Greece,1980,,,0.008922317,,,,,,,
Greece,1981,,,1.7435625,,,,,,,
Greece,1983,,,0,,,,0,,,
Greece,1986,,,1.3400378,,,,,,,
Greece,1988,,,0,,0,,,,,
Greece,1993,,,0,,,,,,,
Greece,1995,,,0.64656603,,,,0,,,
Greece,1996,,,0,,,,,,,
Greece,1999,,,3.0627565,,,,,,,
Greece,2008,,,0,,,,,,,
Greece,2021,,,0.01832309,,,,0.26568478,,,
Greece,1961,,,,0,,,,,,
Greece,1987,,,,0.5406271,0,,0,,,
Greece,2004,,,,0.1446934,,,,,,
Greece,2019,,,,0,,,,,,
Greece,1985,,,,,0,,0,,,
Greece,1991,,,,,0,,,,,
Greece,2022,,,,,0,,0,,,
Greece,1984,,,,,,,0,,,
Greece,2009,,,,,,,0,,,
Greece,2018,,,,,,,0,,,
Grenada,2010,0,,,,,,,,,
Grenada,2024,0,,,15.667268,,,,,,
Grenada,1980,,,,4.7790604,,,,,,
Grenada,1990,,,,0,,,,,,
Grenada,1999,,,,2.0746484,,,,,,
Grenada,2002,,,,0,,,,,,
Grenada,2004,,,,148.38464,,,,,,
Grenada,2005,,,,6.4552717,,,,,,
Guam,2002,,,,3.8302886,,,,,,
Guam,2004,,,,0.025846472,,,,,,
Guatemala,1987,0,0,,,,0,0,,,
Guatemala,1988,0,0,0,,,,,,,
Guatemala,1994,0.07702242,0,,,,,,,,
Guatemala,2001,0.07606538,,0.00027166205,0.0005433241,0,,,,,
Guatemala,2009,0,0,,,,,,,0,
Guatemala,2012,0,,0.4234389,,,0,,,,
Guatemala,2014,0.017351924,0,0,0,0,,,,,
Guatemala,2015,0.038510177,0,,,0,,,,,0.008040386
Guatemala,2016,0.03635479,,,0,,,,,,0
Guatemala,2018,0.04288194,0,,,,0,,,,
Guatemala,2019,0.017136164,,,0,,,,,,
Guatemala,1973,,0.09730655,,,,,,,,
Guatemala,1982,,1.1471837,,,,,,,,
Guatemala,1989,,0,,,,,,,,
Guatemala,1995,,0,,,,,,,,
Guatemala,1999,,0.0054589882,0,,,,,,,
Guatemala,2000,,0,,,,0,,,,
Guatemala,2002,,0,,0.00048913615,,,,,,0
Guatemala,2005,,0,,3.6899738,,,,,,0
Guatemala,2007,,0,,0,,,,,,
Guatemala,2008,,0,,0,,,,,,0
Guatemala,2010,,0,,1.5979712,,0,,,,1.2292086
Guatemala,2011,,0.13207823,0,0,0,,,,,0
Guatemala,2017,,0,0,0,,,,,,0
Guatemala,2020,,0,,0.4966581,,,,,,
Guatemala,2021,,0,,,,,,,,
Guatemala,2022,,0.21329667,0,0,,,,,,
Guatemala,2023,,0,,,,0,,,,0
Guatemala,2024,,0,,0,,,0,,,
Guatemala,1976,,,22.907932,,,,,,,
Guatemala,1979,,,0,,,,,,,
Guatemala,1985,,,0,,,,,,,
Guatemala,1986,,,0,,,,,,,
Guatemala,1991,,,0,,,,,,0,
Guatemala,2013,,,0.003773838,,,,,,,
Guatemala,1961,,,,0,,,,,,
Guatemala,1969,,,,0.87443167,,,,,,
Guatemala,1996,,,,0.0031898262,,0,,,,
Guatemala,1998,,,,3.8565662,,0,,,,0
Guatemala,2006,,,,,0,,,,,
Guatemala,1983,,,,,,0,,,,
Guatemala,1984,,,,,,0,,,,
Guatemala,1992,,,,,,0,,,,
Guatemala,2003,,,,,,,0,,,0
Guinea,1981,0,0,,,,,,,,
Guinea,1982,0,,,,,,,,,
Guinea,1983,0,,0.052875455,,,,,,,
Guinea,1998,0,,,,,,,,,
Guinea,1993,,0,,,,,,,,
Guinea,2001,,0,,,,,,,,
Guinea,2006,,0,,,,,,,,
Guinea,2007,,0,,,,,,,,
Guinea,2008,,0,,,,,,,,
Guinea,2009,,0,,,,,,,,
Guinea,2010,,0,,,,,,,,
Guinea,2011,,0,,,,,,,,
Guinea,2013,,0,,,,,,,,
Guinea,2015,,0,,,,,,,,0
Guinea,2017,,0,,,,,,,,
Guinea,2020,,0,,,,,,,,
Guinea,2021,,0,,,,,,,,
Guinea,2022,,0,,,,,,,,
Guinea,2023,,0,,,,,,,,
Guinea,2024,,0,,,,,,,,
Guinea,2004,,,,,,,0,,,
Guinea-Bissau,1972,0,,,,,,,,,
Guinea-Bissau,1973,0,,,,,,,,,
Guinea-Bissau,1974,0,,,,,,,,,
Guinea-Bissau,1975,0,,,,,,,,,
Guinea-Bissau,1982,0,,,,,,,,,
Guinea-Bissau,1983,0,,,,,,,,,
Guinea-Bissau,1984,0,,,,,,,,,
Guinea-Bissau,1985,0,,,,,,,,,
Guinea-Bissau,2002,0,,,,,,,,,
Guinea-Bissau,2006,0,,,,,,,,,
Guinea-Bissau,2003,,0,,,,,,,,
Guinea-Bissau,2004,,0,,,,,,,,
Guinea-Bissau,2008,,0,,,,,,,,
Guinea-Bissau,2010,,0,,,,,,,,
Guinea-Bissau,1987,,,,0,,,,,,
Guinea-Bissau,1993,,,,0,,,,,,
Guinea-Bissau,2018,,,,0,,,,,,
Guinea-Bissau,1998,,,,,,,0,,,
Guyana,1997,1.297423,,,,,,,,,
Guyana,1998,2.6870644,,,,,,,,,
Guyana,2010,0.4282078,,,,,,,,,
Guyana,1971,,0.07090941,,,,,,,,
Guyana,1989,,0,,,,,,,,
Guyana,1996,,0,,,,,,,,
Guyana,2005,,56.383923,,,,,,,,
Guyana,2006,,7.101383,,,,,,,,
Guyana,2008,,0,,,,,,,,
Guyana,2015,,0,,,,,,,,
Guyana,2017,,0,,,,,,,,
Guyana,2021,,0,,,,,,,,
Guyana,2022,,0,,,,,,,,
Haiti,1968,0.27176216,,,,,,,,,
Haiti,1974,0,,,,,,,,,
Haiti,1977,0,,,,,,,,,
Haiti,1980,0,,,28.90591,,,,,,
Haiti,1981,0,,,,,,,,,
Haiti,1982,0,,,,,,,,,
Haiti,1983,0,,,,,,,,,
Haiti,1992,0,,,,,,,,,
Haiti,1993,0,0,,,,,,,,
Haiti,2003,0,0,,0,,,,,,
Haiti,2004,0,0,,0.8378015,,,,,,
Haiti,2014,0.008352635,0,,,,,,,,
Haiti,2015,0.004948514,0,,0,,,,,,
Haiti,2016,0.5141616,0.014215371,,14.215371,,,,,,
Haiti,2017,0.07726032,0,,0,,,,,,
Haiti,1962,,0,,,,,,,,
Haiti,1963,,0,,61.041077,,,,,,
Haiti,1972,,0.2577964,,,,,,,,
Haiti,1986,,0,,,,,,,,
Haiti,1987,,0,,,,,,,,
Haiti,1988,,0,,3.4922936,,,,,,
Haiti,1989,,0,,,,,,,,0
Haiti,1996,,0,,0.00343936,,,,,,
Haiti,1999,,0,,,,,,,,
Haiti,2000,,0,,,,,,,,
Haiti,2001,,0,,0.00031585744,,,,,,
Haiti,2002,,0.016113834,,0,,,,,,
Haiti,2005,,0,,0.7183346,,,,,,
Haiti,2006,,0,,0,,,,,,
Haiti,2007,,0,,0,,,,,,
Haiti,2009,,0,,,,,,,,
Haiti,2010,,0,67.457535,0,,,,,,
Haiti,2011,,0,,0,,,,,,
Haiti,2012,,0,,1.8528075,,,,,,
Haiti,2013,,0,,,,,,,,
Haiti,2019,,0,,,,,,,,
Haiti,2021,,0,7.7599216,0,,,,,,
Haiti,2022,,0,0,,,,,,,
Haiti,2023,,2.1158066,,,,,,,,
Haiti,2024,,0,,0,,,,,,0
Haiti,2018,,,0,,,,,,,
Haiti,1964,,,,3.074263,,,,,,
Haiti,1966,,,,5.4208093,,,,,,
Haiti,1979,,,,0,,,,,,
Haiti,1990,,,,0,,,,,,
Haiti,1994,,,,2.3067317,,,,,,
Haiti,1998,,,,4.833637,,,,,,
Haiti,2008,,,,0,,,,,,
Haiti,2020,,,,0,,,,,,
High-income countries,1960,0,0,0.11567203,0.03538741,,,,,,0
High-income countries,1961,0,0,0,0.034974284,,,,,,0
High-income countries,1966,0,0.11399504,0.0010430696,0.007977328,0,,0,,,0
High-income countries,1967,0.010603133,0.0032899731,0.0002653204,0.011674098,,,0.0036348896,,,
High-income countries,1968,0.01002884,0,0.018923199,0.0006603351,,0.00024456857,0.00004891371,,,0
High-income countries,1969,0.009445982,0.01892721,0,0.06707529,,,0,,,
High-income countries,1970,0.0005031917,0.03636173,,0.027419973,,,0.0040455866,,,0
High-income countries,1971,0.00045292455,0.0007355721,0.030260414,0.0064351265,0.003641446,,,,,0
High-income countries,1972,0.00039094666,0.006691794,0.009403694,0.06582586,0,,,,,0
High-income countries,1973,0,0.024169687,0.00030874158,0.013693142,0,0.00063815207,0,,,
High-income countries,1974,0,0.0015070909,0,0.057150226,,,,,,0
High-income countries,1975,0,0.0010239248,0.000020478496,0.02165601,,0,,,,0
High-income countries,1976,0,0.0015228533,0.06768236,0.021207593,,0,0,,,0.0018800658
High-income countries,1977,0.012446507,0.010611688,0.033213418,0.004264603,0.046498787,0.0003653476,0.00003600335,,,0.0001826738
High-income countries,1978,0.010368874,0.00063791504,0.015425619,0.015494792,,,,,,
High-income countries,1979,0.008971166,0.00061165413,0,0.03524236,,0,,,,0.000029517398
High-income countries,1980,0.012086525,0.0037525466,0.21454918,0.009850114,0.021443125,0.009220543,0,,,
High-income countries,1981,0.05106309,0.000119125376,0.009510808,0.013985799,,,,,,0
High-income countries,1982,0.036000445,0.011722636,0.00038403395,0.029187487,0,,0,,,0.0074673267
High-income countries,1983,0.004850637,0.052276105,0.005423807,0.048610777,0,0,0.0041304575,,,0
High-income countries,1984,0.007949792,0.0025058787,0.00067351677,0.036030177,,0,0,,,0.00039618634
High-income countries,1985,0.001863004,0.004561975,0.014158831,0.051331867,0,,0.0012098155,,,0
High-income countries,1986,0.003885646,0.0013720216,0.005795208,0.02379146,0.013599761,0,0,,,0
High-income countries,1988,0.0048242803,0.0031208922,0,0.0008363098,0,0,,,,0
High-income countries,1989,0.00914992,0.0021445125,0.03774342,0.047849953,0,,0.024018541,,,0
High-income countries,1990,0.0065455195,0.01027074,0.0027176242,0.10263653,0.00020425586,,0.008093638,,,0
High-income countries,1991,0.013796515,0.004086374,0.00064599206,0.069704525,0.0037356245,0.0001209723,0.012097229,,,0.00002903335
High-income countries,1992,0.009367827,0.006223169,0.0019204988,0.16332917,0.0043407613,0,0.0018753107,,,0.000011748934
High-income countries,1993,0.005965223,0.06201309,0.0066656335,0.04102886,0.0071318643,0,0.0044871313,,,0.0014335936
High-income countries,1994,0.0060092923,0.04840747,0.12658092,0.0105494,0,,0.0006376767,,,0
High-income countries,1995,0.0050349412,0.013540329,0.38164344,0.07770127,0.0031543127,0,0.00050851615,,,0.00002188699
High-income countries,1997,0.0031635682,0.05733542,0.017530948,0.010035333,0,0,0.000035077912,,,0.00006214891
High-income countries,1998,0.00016142936,0.016526455,0.00027490003,0.08251179,0.01632219,0,0.0048497254,,,0.000109578206
High-income countries,1999,0.016284646,0.008134899,0.06687646,0.14368036,0.0036453472,,0.0017692182,,,0.0027307298
High-income countries,2000,0.0032319748,0.07979382,0.0020483737,0.02158645,0.000901588,0,0.00903316,,,0.001175752
High-income countries,2001,0.0015274874,0.0063145836,0.008978507,0.035535492,0.00071863964,0.000011133348,0.0000983732,,,
High-income countries,2002,0.019702094,0.07078658,0.0045458553,0.046289265,0,,0.0014615173,,,0.0006194201
High-income countries,2003,0.0013182041,0.009800695,0.0060666576,0.06318811,0.037154965,0,0.018684776,,,0
High-income countries,2004,0.0009199214,0.0085801985,0.07698097,0.21366079,0,,0.000008232672,,,0
High-income countries,2005,0.0025919452,0.016568642,0.0010466865,0.42847887,0.0010337646,,0.00983512,,,0
High-income countries,2006,0.0005492284,0.005202724,0.000499137,0.020516006,0.0024348143,,0.0024821581,,,0
High-income countries,2007,0.0000955695,0.025172675,0.029494513,0.045248523,0,,0.010106139,,,
High-income countries,2008,0.00035369056,0.02569683,0.0005717287,0.10368059,0,0,0.004338533,,,
High-income countries,2009,0.00018960975,0.005969269,0.0068790833,0.041829266,0.002440965,,0.0033618747,,,0
High-income countries,2010,0.0029803535,0.020190204,0.07902772,0.042454712,0.00084268145,0,0.0043608765,,,
High-income countries,2011,0.015478365,0.028492475,0.4415204,0.09502169,0,0,0.0058114813,,,0
High-income countries,2012,0.04305708,0.013160851,0.030745419,0.15377279,0.00025568347,,0.0021853123,,,
High-income countries,2013,0.0019443735,0.048271175,0.0000990243,0.044443283,0.0026609218,,0.0020420672,,,
High-income countries,2014,0.00411226,0.009872172,0.002672969,0.03573367,0.0046730223,0,0.00048412514,,,0.000108414126
High-income countries,2015,0.009007792,0.01846453,0.0016013853,0.040709615,0,0.001201039,0.004883865,,,
High-income countries,2016,0,0.039425556,0.1338062,0.059793644,0.0003514963,,0.012345571,,,
High-income countries,2017,0.00896646,0.005282926,0.000033624226,0.48174125,0,,0.03082594,,0,0
High-income countries,2018,0.007643199,0.019678647,0.008084394,0.10417384,0,0.0010808484,0.04007399,,,0.0015817293
High-income countries,2019,0.00020809764,0.02764251,0.00034801097,0.073218025,0,0,0.0053448556,,,0
High-income countries,2020,0.008204619,0.021313243,0.024932478,0.12095252,0,,0.020821389,,,0.00023195658
High-income countries,2021,0.014458285,0.081237584,0.0131738335,0.20211904,0.008899092,0.0015891235,0.012588897,,,0.00039728088
High-income countries,2022,0.033867788,0.016260872,0.013946647,0.1991769,0,,0.0021548336,0,,0
High-income countries,2023,0.024147613,0.028177427,0.0007578103,0.0767415,0.00080153014,,0.009982694,,,0
High-income countries,2024,0.008023746,0.029958198,0.0245096,0.22011864,0,,0.0062777014,,,
High-income countries,1962,,0.007924336,0,0.07409254,,,,,,
High-income countries,1964,,0.055265218,0.074877635,0.016936768,,0,,,,0
High-income countries,1965,,0.008464034,0.009983219,0.0998756,,,,,,0
High-income countries,1987,,0.019690076,0.0028688859,0.040953647,0,,0,,,0.0041893777
High-income countries,1996,,0.019012446,0,0.023888694,0,0.00006188642,0,,,0.00007501384
High-income countries,1963,,,0,0.0023203692,0,0,,,,0
Honduras,1965,0,0.09829942,,,,,,,,
Honduras,1972,0.43646362,,,,,,,,,
Honduras,1973,0.38303724,,,,,,,,,0
Honduras,1994,0.21541137,0,,,,,,,,
Honduras,1997,0,,,,,,,,,
Honduras,1998,0,,,59.588394,,,,,,
Honduras,2000,0,,,,,,0,,,
Honduras,2001,0,,,0.06534955,,,,,,
Honduras,2002,0,1.2725471,,,,,,,,
Honduras,2003,0,0.2430018,,,,,,,,
Honduras,2004,0,,,,,,,,,
Honduras,2009,0,,0.6855186,,,,,,,
Honduras,2010,0,0,,0.56820536,,,,,,
Honduras,2011,0,0,,,,,,,,
Honduras,2012,0,,,,,,,,,
Honduras,2014,0,0.007086263,,,,,,,,
Honduras,2015,0,,,,,,,,,
Honduras,2018,0,0,,,,,,,,
Honduras,2019,0,,,,,,,,,
Honduras,2023,0,,,0,,,,,,
Honduras,1976,,0,,,,,,,,
Honduras,1979,,0.36678797,,,,,,,,
Honduras,1981,,0,,,,,,,,
Honduras,1984,,0,,,,,,,,
Honduras,1986,,0,,,,,,,,
Honduras,1988,,0,,0,,,,,,
Honduras,1990,,2.031278,,,,,,,,
Honduras,1993,,2.3199978,,,,,,,,
Honduras,1995,,0.07480208,,0,,,,,,
Honduras,1996,,0.5944358,,0.028763024,,,,,,
Honduras,1999,,0.023384444,,,,,,,,
Honduras,2005,,0,,1.183764,,,,,,
Honduras,2006,,0.073277004,,,,,,,,
Honduras,2007,,0,0,0.05322274,,,,,,
Honduras,2008,,0,,0,,,,,,
Honduras,2016,,0,,0,,,,,,
Honduras,2017,,0,,0,,,,,,
Honduras,2020,,0,,0,,,,,,
Honduras,2022,,0,,0,,,,,,
Honduras,1982,,,0,2.367278,,,,,,
Honduras,1961,,,,0,,,,,,
Honduras,1969,,,,2.8443112,,,,,,
Honduras,1971,,,,0,,,,,,
Honduras,1974,,,,52.19913,,,,,,
Honduras,1978,,,,0.03228679,,,,,,
Honduras,2024,,,,0,,,,,,
Honduras,2021,,,,,,,0,,,
Honduras,1989,,,,,,,,,0,
Hong Kong,1960,0,0,,0,,,,,,
Hong Kong,1966,0,0.32130513,,0,,,,,,0
Hong Kong,1976,0,0,,0,,,,,,
Hong Kong,1977,0,0,,0,,,,,,
Hong Kong,1979,0,,,0.044392783,,,,,,0
Hong Kong,1981,0,,,,,,,,,
Hong Kong,1983,0,0,,0.04194304,,,,,,
Hong Kong,1961,,0,,0,,,,,,
Hong Kong,1969,,0,,0,,,0,,,
Hong Kong,1970,,0,,,,,,,,
Hong Kong,1972,,0,,,,,,,,0
Hong Kong,1975,,0,,0,,,,,,
Hong Kong,1978,,0,,0,,,,,,
Hong Kong,1982,,0,,0,,,0,,,0
Hong Kong,1985,,0,,0.00011764781,,,,,,
Hong Kong,1987,,0,,,0,,,,,
Hong Kong,1989,,0,,0.00009739757,,,,,,
Hong Kong,1992,,0.047951277,,0.21069792,,,,,,
Hong Kong,1994,,0.027243588,,,,,,,,
Hong Kong,1997,,0.0056384667,,0,,,,,,
Hong Kong,2023,,0,,0,,,,,,
Hong Kong,1962,,,,20.777172,,,,,,
Hong Kong,1964,,,,0,,,,,,
Hong Kong,1965,,,,0,,,,,,
Hong Kong,1967,,,,0,,,,,,
Hong Kong,1968,,,,0,,,0,,,0
Hong Kong,1971,,,,0,,,,,,
Hong Kong,1973,,,,0,,,0,,,
Hong Kong,1974,,,,0,,,,,,
Hong Kong,1980,,,,0,,,,,,
Hong Kong,1986,,,,0,,,,,,
Hong Kong,1988,,,,0,,,,,,
Hong Kong,1991,,,,0.011241008,,,,,,
Hong Kong,1993,,,,0.16777144,,,,,,0.0006563958
Hong Kong,1999,,,,0,,,,,,
Hong Kong,2003,,,,0,,,,,,
Hong Kong,2008,,,,0.00017329541,,,,,,
Hong Kong,2009,,,,0,,,,,,
Hong Kong,2010,,,,0,,,,,,
Hong Kong,2017,,,,0.22137684,,,,,,
Hong Kong,2018,,,,0,,,,,,
Hong Kong,2021,,,,0,,,,,,
Hungary,1986,2.0179057,,,,,,,,,
Hungary,1992,0.9882303,,,,,,,,,
Hungary,2003,0.117384024,,,,,,,,,
Hungary,1970,,1.4703518,,,,,,,,
Hungary,1996,,0,,,,,,,,
Hungary,1997,,0.021097686,,,,,,,,
Hungary,1999,,0.5968242,,0,,,,,,
Hungary,2000,,0.11633821,,,,,,,,
Hungary,2001,,0.009293669,,,0,,,,,
Hungary,2002,,0.04435477,,,,,,,,
Hungary,2004,,0,,,,,,,,
Hungary,2005,,0.04244098,,0,0,,,,,
Hungary,2006,,0,,0.008650212,0,,,,,
Hungary,2010,,0.33358926,,,,,,,,
Hungary,2013,,0,0,0,,,,,,
Hungary,2014,,0,,,,,,,,
Hungary,2016,,0,,,,,,,,
Hungary,1984,,,,0,,,,,,
Hungary,2017,,,,0,,,,,,
Hungary,2019,,,,0,0,,,,,
Hungary,2007,,,,,0,,,,,
Hungary,2008,,,,,0,,,,,
Hungary,2012,,,,,0,,,,,
Hungary,2018,,,,,0,,,,,
Hungary,2022,,,,,0,,,,,
Hungary,2023,,,,,0,,,,,
Hungary,2024,,,,,0,,,,,
Iceland,1988,,0,,,,,,,,
Iceland,1976,,,0,,,,,,,
Iceland,2000,,,0.2659085,,,,,,,
Iceland,2023,,,0.2384569,,0,,,,,
Iceland,1973,,,,,,2.139565,,,,
Iceland,1983,,,,,,0,,,,0
Iceland,1984,,,,,,0,,,,
Iceland,1996,,,,,,0.22218983,,,,
Iceland,2010,,,,,,0,,,,
Iceland,1974,,,,,,,,,,0
Iceland,1995,,,,,,,,,,0.08126471
India,1964,0,0.0008852646,,0,,,,,,
India,1965,0.055969633,,,,0,,,,,
India,1966,0.07312951,0.0030714397,0,0.009214319,,,,,,
India,1967,0.06648723,0,0.00079784676,0,,,,,,
India,1972,0.07006032,,,0,,,,,,
India,1973,0.058387466,,,,0,,,,,
India,1979,0.13072285,0.065361425,,0.008366263,0,,,,,0
India,1982,0,0.3487521,,0.37138116,0,,,,,
India,1983,0,0,,0.27077532,,,,,,0
India,1987,0,0.19531699,,0,0,,,,,
India,1993,0,2.6853266,0.10025219,0.035804354,,,,,,0
India,1996,0.1380515,0.049371734,,0.38185593,,,,,,0
India,2000,0.05394079,0.19374652,,0,0,,,,,0
India,2001,0.06908035,0.074555844,0.5403344,0,0,,,,,0
India,2002,0.17686012,0.009859806,0,0.000080786245,0,,,,,
India,2009,0,0.18138623,,0.02235656,0,,,,,0
India,2015,0.07120918,0.13690892,0,0.050817925,0,,,,,0
India,2016,0.065454684,0.065321684,0.003268263,0.04357684,0,,0,,,0
India,2018,0.016386082,0.10599536,,0.07932134,0,,0,,,
India,2019,0.023173023,0.35265827,,0.06383115,0,,,,,
India,1960,,0,,,,,,,,
India,1961,,0,,,0,,,,,
India,1962,,0,,0,,,,,,
India,1963,,0,,0,,,,,,
India,1968,,0.17744973,,0,,,,,,0
India,1970,,0.16212107,0,0,,,,,,
India,1971,,0.7869175,,0.044542503,,,,,,
India,1974,,0,,0,,,,,,
India,1975,,0.72532874,0,0.20309964,,,,,,
India,1977,,0,,0.410362,,,,,,
India,1978,,0.120901085,,0,0,,,,,0
India,1980,,0.17173962,0,0,0,,,,,0
India,1981,,0.12920474,,0,0,,,,,
India,1984,,0.042421285,0,0.016497167,0,,0.00094269525,,,
India,1985,,0.34750962,,0,0.061932407,,,,,
India,1986,,0.15105267,0.002008145,0.10962183,,,,,,0
India,1988,,0.31936377,0.02410738,0.0043831603,0,,,,,0
India,1989,,0,,0,0,,,,0,0
India,1990,,0,,0.9012427,0,,,,,0
India,1991,,0.09551829,0.022213556,0,,,,,,
India,1992,,0.10719686,,0,0,,,,,0
India,1994,,0.05347188,,0.0058360733,0,,,,,
India,1995,,0.07223566,,0.013406169,0,,,,,0.001249022
India,1997,,0.054055672,0.008897063,0,,,,,,0
India,1998,,0.1254535,,0.11368186,0,,,,,0
India,1999,,0.00052307977,0.0004358998,0.65167016,0,,0,,,
India,2003,,0.027809743,,0.0072404067,0.06582188,,,,,0
India,2004,,0.39145306,0.14422846,,0,,,,,
India,2005,,0.7545249,0.12189417,0,0,,,,,0.0060947086
India,2006,,0.36053863,,0,0,,,,,
India,2007,,0.030914748,,0,0,,,,,
India,2008,,0.012094469,,0.0020852534,0,,,,,0
India,2010,,0.12825137,,0,0,,,,,0
India,2011,,0.09089155,0,0.020604186,0,,,,,
India,2012,,0.013350568,,0,0,,,,0,
India,2013,,0.0733551,0.0064630047,0.04822861,0,,,,,
India,2014,,0.8074536,,0.34328425,0,,,,,0
India,2017,,0.079842374,,0,0,,,,,0
India,2020,,0.43030426,,0.55778795,,,,,,0
India,2021,,0.10103336,0,0.13892087,,,,0.0066303145,,0
India,2022,,0.12551899,,0,0,,,,,0
India,2023,,0.00008245181,,0.003435492,0,,,0,,0
India,2024,,0,,0.0018733933,0,,,,,0.0035781045
India,1969,,,,0.014251986,,,,,,
India,1976,,,,0.25970134,,,,,,
Indonesia,1972,0.3186869,,,,,,,,,
Indonesia,1973,0.21478263,,,0,,,,,,
Indonesia,1978,0.0023321023,0,,,,,,,,
Indonesia,1982,0,0,0.005490334,0,,0.17746533,,,,0
Indonesia,1984,0,0.0017677485,0.0017677485,,,0,,,,
Indonesia,1986,0,0,,,,,,,,
Indonesia,1987,0,0.0865275,0.0065850457,,,0,,,0.0013170091,
Indonesia,1997,0.04078814,,0.0005098517,,,0,3.7080126,,,
Indonesia,2003,0.00042594434,0,0,,,,,,,0.0016871655
Indonesia,2015,0,0.027298465,0,,,,0.116163686,,,0
Indonesia,2023,0,0,0,0,,0,,,,0
Indonesia,1967,,0,0,,,,,,,
Indonesia,1968,,0.110662594,0,,,,,,,
Indonesia,1970,,0,,,,,,,,
Indonesia,1976,,0,0.59030044,0,,0,,,,
Indonesia,1977,,0,0.0026195773,0,,,,,,
Indonesia,1979,,0.0062256586,0.03920219,,,0,,,,0
Indonesia,1980,,0.004690798,0,0,,0,,,,0
Indonesia,1981,,0.002572551,0.005846706,,,0,,,,0
Indonesia,1983,,0.008645037,0.0012337716,,,0.21614443,,,,0
Indonesia,1985,,0,0,0,,0,,,,
Indonesia,1988,,0.005456691,,,,0,,,,0
Indonesia,1989,,0,0,,,0,,,,0.00036103211
Indonesia,1990,,0.004522298,0.0019785054,,,0.0075371633,,,,
Indonesia,1991,,0.012690573,0.015434481,,,0.0008574712,0.011318619,,,0
Indonesia,1992,,0,0.07810854,,,,,,,0.004217861
Indonesia,1993,,0.012215305,,,,0,,,,
Indonesia,1994,,0.013140776,0.097616546,,,0,0,,,
Indonesia,1995,,0.016688762,0,,,,,,,
Indonesia,1996,,0.2546939,0.002374987,,,,,,,0
Indonesia,1998,,0,0.20954356,,,0,1.3620331,,,
Indonesia,1999,,0,0.0027856873,,,,0.0012857019,,,0
Indonesia,2000,,0.068476126,0.04423679,,,,0,,,0.033086695
Indonesia,2001,,0.00623259,0,,,,,,,0.00623259
Indonesia,2002,,0.17969891,0,,,0,0,,,0
Indonesia,2004,,0.023361132,1.7597162,0,,0,,,,0.0013627326
Indonesia,2005,,0,0,,,0,0,,,0.0017490552
Indonesia,2006,,0.029431893,0.86540186,,,0,0.003840135,,,0.010407588
Indonesia,2007,,0.2246558,0.16195579,,,0,,,,0
Indonesia,2008,,0.00033965165,0,,,0,,,,0
Indonesia,2009,,0,0.44134876,,,,,,,0
Indonesia,2010,,0.010329838,0,,,0,,,,0
Indonesia,2011,,0,0.00065511785,,,0,,,,0
Indonesia,2012,,0,0,0.0001089479,,,,,,0
Indonesia,2013,,0.32941595,0.014246198,,,0,,,,0
Indonesia,2014,,0.10417429,,,,0.020879762,,,,0
Indonesia,2016,,0.011589508,0.010731026,,,,,,,0.0026827564
Indonesia,2017,,0.0020677052,0,0,,0,,,,0.0012800079
Indonesia,2018,,0,0.22585285,,,0.023986071,,,,0
Indonesia,2019,,0.037351448,0,,,,0,,,0
Indonesia,2020,,0.08774805,0,,,0,,,,0
Indonesia,2021,,0.0042140405,0.004947284,0.06742465,,0.0016856162,,,,0
Indonesia,2022,,0.0056098807,0.0047001704,,,0,,,,
Indonesia,2024,,0,0.005013249,,,0,,,,0.0014323569
Indonesia,1969,,,0,,,0.0023988227,,,,
Indonesia,1971,,,0,,,,,,,
Indonesia,1974,,,,0,,,,,,
Iran,1964,0,,,,,,,,,
Iran,1999,0.79235816,0.037769508,0,,,,,,,
Iran,2000,1.0925244,0.005474867,0,0,,,,,,
Iran,2001,0.9462549,0.08181039,0,,,,,,,
Iran,2021,0,0,0.045639925,0,,,,,,
Iran,2022,0,0.05096832,0.036261044,,,,,,,
Iran,1966,,0,,,,,,,,
Iran,1968,,0,0.41747975,,,,,,,
Iran,1969,,0,0,,,,,,,
Iran,1980,,0,0.006358473,,,,,,,
Iran,1981,,0,1.0000068,0,,,,,,
Iran,1986,,0.7608997,0,,,,,,,
Iran,1987,,0,0,,,,,,,
Iran,1988,,0.121893875,0,,,,,,,
Iran,1989,,0.0016598011,0,,,,,,,
Iran,1990,,0.06201264,6.595693,,,,,,,0
Iran,1991,,0.32923707,0,0,,,,,,
Iran,1992,,2.8967505,0,0,,,,,,
Iran,1993,,1.9238002,0,0.023531765,,,,,,
Iran,1994,,0.19765745,0.0019487354,,,,,,,
Iran,1995,,0.09946149,,,,,,,,
Iran,1996,,0.030671757,,0.011046151,,,,,,
Iran,1997,,0.021945385,0.18082999,,,,,,,
Iran,1998,,0.134661,0,,,,,,,0
Iran,2002,,0.04902551,0.23323268,,,,0,,,
Iran,2003,,0.00055163796,0.34340188,,,,,,,0
Iran,2004,,0,0.087880686,0.00012782645,,,,,,
Iran,2005,,0,0.03556024,0,,,,,,
Iran,2006,,0.006024047,0.015911767,,,,,,,
Iran,2007,,0.0062904484,,0,,,,,,
Iran,2008,,0,0,0,,,,,,
Iran,2012,,0,0.07763743,,,,,,,
Iran,2014,,0.010599527,0.009734259,,,,,,,
Iran,2015,,0.15542838,,,,,,,,
Iran,2017,,0.07931823,0.15168591,,,,,,,
Iran,2018,,0.041616503,0.0050140363,,,,,,,
Iran,2019,,0.7735688,0.026984958,,,,,,,
Iran,2020,,0.8993609,0,,,,,,,0
Iran,2024,,0,0,,,,,,,
Iran,1960,,,0.47628865,,,,,,,
Iran,1961,,,0,,,,,,,
Iran,1962,,,0.6391728,,,,,,,
Iran,1965,,,0,,,,,,,
Iran,1970,,,0.07288467,,,,,,,0
Iran,1972,,,0.0058297263,0,,,,,,
Iran,1976,,,0,,,,,,,
Iran,1977,,,0,,,,,,,
Iran,1978,,,0.06410723,,,,,,,
Iran,1979,,,0,,,,,,,
Iran,1983,,,0.006395287,,,,,,,
Iran,1985,,,0,,,,,,,
Iran,2009,,,0,,,,,,,
Iran,2010,,,0,,,,,,,
Iran,2013,,,0.119904116,,,,,,,
Iran,2023,,,0.07537831,0,,,,,,
Iran,1975,,,,0,,,,,,
Iran,2016,,,,0,,,,,,
Iraq,1969,0.022164876,,,,,,,,,
Iraq,1970,0.020317014,,,,,,,,,
Iraq,1971,0.017247302,,,,,,,,,
Iraq,1998,0,,,,,,,,,
Iraq,1999,0,,,,,,,,,
Iraq,2000,0,,,,,,,,,
Iraq,2001,0,,,,,,,,,
Iraq,2021,0,0.0066764606,,,,,,,,
Iraq,2022,0,,,0,,,,,,
Iraq,2023,0,,,0,,,,,,
Iraq,1967,,0.19596142,,,,,,,,
Iraq,1968,,0.103569746,,,,,,,,
Iraq,2006,,0.0019954855,,,,,,,,
Iraq,2008,,0,,,,,,,,
Iraq,2009,,0,,,,,,,,
Iraq,2011,,0,,,,,,,,
Iraq,2012,,0,,,,,,,,
Iraq,2013,,0,,,,,,,,
Iraq,2015,,0,,,,,,,,
Iraq,2018,,0,,,,,,,,
Iraq,2019,,0,,,,,,,,
Iraq,2020,,0.055279527,,,,,,,,
Iraq,2024,,0,,,,,,,,
Iraq,1991,,,0,,,,,,,
Iraq,2017,,,0,,,,,,,
Ireland,1987,,0,,,,,,,,
Ireland,1993,,0.0724949,,,,,,,,
Ireland,2002,,0,,,,,,,,
Ireland,2009,,0,,,,,,,,
Ireland,2011,,0.13466626,,,,,,,,
Ireland,2017,,0,,,,,,,,
Ireland,1983,,,,0,,,,,,
Ireland,1986,,,,0,,,,,,
Ireland,1990,,,,0.22309825,,,,,,
Ireland,1991,,,,0.0080341445,,,,,,
Ireland,1996,,,,0.0013194216,,,,,,
Ireland,1998,,,,0.000055432734,,,,,,
Ireland,1999,,,,0.10111841,,,,,,
Ireland,2000,,,,0.09979282,,,,,,
Ireland,2004,,,,0,,,,,,
Ireland,2005,,,,0,,,,,,
Ireland,2014,,,,0,,,,,,
Ireland,2015,,,,0,,,,,,
Ireland,2018,,,,0,,,,,,
Ireland,2020,,,,0,,,,,,
Ireland,2021,,,,0,,,,,,
Ireland,2022,,,,0,0,,,,,
Ireland,2024,,,,0,0,,,,,
Ireland,2023,,,,,0,,,,,
Israel,1999,0.0617705,,,,,,,,,
Israel,1997,,0.03348406,,,,,,,,
Israel,1998,,0,,,,,,,,
Israel,2010,,0,,,,,0.112650655,,,
Israel,2018,,0,,,,,,,,
Israel,2020,,0.1411988,,,,,0,,,
Israel,1991,,,,0,,,,,,
Israel,2000,,,,0.0020144705,0,,,,,
Israel,2013,,,,0,,,,,,
Israel,2015,,,,0,,,,,,
Israel,1992,,,,,0.6921923,,,,,
Israel,1983,,,,,,,0,,,
Israel,1995,,,,,,,0.042655073,,,
Israel,2016,,,,,,,0.16152029,,,
Israel,1970,,,,,,,,,,0
Italy,1997,0.06425764,,0.36344922,0,,,,,,
Italy,2002,0,0.046499062,0.10111205,,,,,,,
Italy,2012,0.056722593,0.00071499066,0.7531235,,0.006320565,,,,,
Italy,2017,0.11670856,0.0063428567,0.00091337133,0.011138056,,,,,,
Italy,2022,0,0,,0,0,,,0,,0
Italy,2023,0,0.42306596,,0.004339138,0,,,,,0
Italy,2024,0,,,0,0,,,,,
Italy,1965,,0,,0,,,,,,
Italy,1966,,2.6102011,,,,,,,,
Italy,1968,,0,0.2732675,,,,,,,
Italy,1970,,0.23606181,,0.0028154969,,,,,,
Italy,1977,,0.07513846,,,,,,,,
Italy,1985,,0.0033093607,,,,,,,,
Italy,1986,,0.0031159332,,,,,,,,
Italy,1987,,0.0086679775,,0.14905207,,,,,,0.07739266
Italy,1992,,0.05269783,,,,,,,,
Italy,1994,,0.8441115,,0,,,0,,,
Italy,1996,,0.0024338737,,,,,,,,0
Italy,2000,,0.70020616,,,,,,,,
Italy,2003,,0.05085506,0.035462845,,0.27796555,,,,,
Italy,2008,,0.011499443,,,,,,,,
Italy,2009,,0.0009051886,0.11314858,0,0,,0.0052048345,,,
Italy,2010,,0,,0.040653888,0,,,,,
Italy,2011,,0.02362402,,,0,,,,,
Italy,2013,,0.036224723,,,,,,,,
Italy,2014,,0.03851365,,0.011503479,,,,,,
Italy,2015,,0.014847504,,0.047089346,,,,,,
Italy,2016,,0.005299105,0.28615165,,,,,,,
Italy,2018,,0,,0.052395042,0,0.0054776636,,,,
Italy,2019,,0,,0,0,,,,,
Italy,2020,,0.0036697611,,0.0031455096,,,,,,0
Italy,2021,,0,,,,,0.002707406,,,
Italy,1962,,,0,,,,,,,
Italy,1971,,,0.03329073,,,,,,,
Italy,1972,,,0.20605126,,,,,,,
Italy,1976,,,1.5983292,,,,,,,
Italy,1978,,,0,0.00031667168,,,,,,
Italy,1979,,,0,,,0,,,,
Italy,1980,,,4.1809797,,,,,,,
Italy,1981,,,0.00011582237,,,,,,,
Italy,1982,,,0.008172655,,,,,,,0.16345309
Italy,1983,,,0,,,,0,,,0
Italy,1984,,,0.0056960983,,,,,,,
Italy,1990,,,0.042231686,0.0016892675,,,0.13387445,,,
Italy,1998,,,0,,0,,,,,0.0022549955
Italy,1973,,,,0.2728877,,,,,,
Italy,1993,,,,0.058552805,,,,,,
Italy,2001,,,,0.014931212,,0.00026449576,,,,
Italy,2004,,,,0,,,,,,
Italy,2006,,,,0,0,,,,,0
Italy,2005,,,,,0,,,,,
Italy,2007,,,,,0,,0,,,
Italy,1991,,,,,,0,,,,
Italy,1999,,,,,,,0,,,0.00043904217
Italy,1960,,,,,,,,,,0
Italy,1963,,,,,,,,,,0
Italy,1975,,,,,,,,,,0
Jamaica,1968,0.046132307,,,,,,,,,
Jamaica,2000,0.06662917,,,,,,,,,
Jamaica,2014,0.071946494,,,,,,,,,
Jamaica,1979,,0,,,,,,,,
Jamaica,1986,,2.7590718,,,,,,,,
Jamaica,1987,,0.9431071,,,,,,,,
Jamaica,1988,,0.011493224,,26.120962,,,,,,
Jamaica,1991,,0.73060113,,,,,,,,
Jamaica,1993,,0.20220307,,,,,,,,
Jamaica,2002,,0.2057823,,0.010597788,,,,,,
Jamaica,2006,,0,,,,,,,,
Jamaica,1963,,,,1.3940858,,,,,,
Jamaica,1973,,,,0.089195885,,,,,,
Jamaica,1980,,,,2.3886127,,,,,,
Jamaica,1985,,,,0.24759087,,,,,,
Jamaica,1994,,,,0.018340012,,,,,,
Jamaica,1996,,,,0.040574033,,,,,,
Jamaica,2001,,,,0.6034654,,,,,,
Jamaica,2004,,,,8.796358,,,,,,
Jamaica,2005,,,,0.30683398,,,,,,
Jamaica,2007,,,,2.3438232,,,,,,
Jamaica,2008,,,,0.48286572,,,,,,
Jamaica,2010,,,,1.1345973,,,,,,
Jamaica,2012,,,,0.11171678,,,,,,
Jamaica,2016,,,,0,,,,,,
Jamaica,2017,,,,0,,,,,,
Jamaica,2024,,,,5.0576286,,,,,,
Japan,1977,0,0.0016280694,,0,,0.002984794,,,,
Japan,1961,,0,0,0,,,,,,
Japan,1962,,0,,0,,,,,,
Japan,1964,,0,0.91438407,0,,,,,,0
Japan,1965,,0.09246122,,0,,,,,,
Japan,1967,,0.015097118,,0,,,,,,
Japan,1972,,0,,0,,,,,,0
Japan,1976,,0.0066790907,,0.13358182,,,,,,
Japan,1978,,0,0.08352552,0,,,,,,
Japan,1979,,0,,0,,,,,,
Japan,1980,,0,0.00008854437,0,,,,,,
Japan,1982,,0.0027616408,0.000086301276,0.018295871,,,,,,
Japan,1986,,0,,0.10376948,,0,,,,0
Japan,1988,,0,,,,,,,,
Japan,1989,,0,,0,,,,,,0
Japan,1990,,0.05336004,,0.12596108,,,,,,
Japan,1993,,0,0.029932065,0.038572248,,0,,,,0.00462867
Japan,1995,,0.0013398097,1.8032432,0.00017311134,,,,,,
Japan,1998,,0,,0.08138616,,,,,,0
Japan,1999,,0.002308033,,0.10785201,,,,,,
Japan,2000,,0.14974762,0.010063685,0.041261107,,0,,,,
Japan,2001,,0,0.011429325,0.029716244,,,,,,
Japan,2003,,0.00015488228,0.02670613,0.0023232342,,,,,,
Japan,2004,,0.039851908,0.5722325,0.3094858,0,,,,,
Japan,2005,,0,0.008279059,0.0212587,,,,,,
Japan,2006,,0,,0.05445624,,,,,,
Japan,2007,,0,0.2783994,0.023145363,0,,,,,
Japan,2008,,0,0.0054242685,,0,,,,,
Japan,2010,,0,,,0,,,,,
Japan,2011,,0,3.3690846,0.040429015,0,,,,,
Japan,2012,,0.022320136,,0.0048211496,,,,,,
Japan,2013,,0.00003837057,0,0.0042246,0,,,,,
Japan,2015,,0.031496555,,0.0051789335,0,,,,,
Japan,2016,,0,1.1611459,0.00199853,0,,,,,
Japan,2017,,0.014196372,,0.030461358,,,,,,
Japan,2018,,0.18845913,0.08927011,0.33724263,0,,,,,
Japan,2019,,0.0019538905,0,0.5101608,0,,,,,
Japan,2020,,0.11475904,,0.0039572082,,,,,,
Japan,2021,,0.0019844624,0.16371815,0.039689247,,,,,,0.004961156
Japan,2022,,0.0033079463,0.20645338,0.0645636,0,,,,,
Japan,2023,,0,0,0,,,,,,
Japan,2024,,0.019869799,0.37255874,0.012418624,0,,,,,
Japan,1960,,,0.29523882,0,,,,,,
Japan,1968,,,0.083494,0,,,,,,
Japan,1973,,,0.001132604,0,,,,,,
Japan,1974,,,0,0.08162669,,,,,,0
Japan,1983,,,0.032733742,0,,0,,,,0
Japan,1984,,,0.0031950674,0,,,,,,0
Japan,1987,,,0,0,,,,,,
Japan,1992,,,0,0,,0,,,,
Japan,1994,,,0.00340882,0.00012002887,,,,,,
Japan,2009,,,0.0075621614,0.018905403,0,,,,,0
Japan,2014,,,0.00004084138,0.1356138,0,0,,,,0.0007759862
Japan,1963,,,,0,,,,,,
Japan,1966,,,,0.006988257,,,,,,
Japan,1969,,,,0,,,,,,
Japan,1971,,,,0,,,,,,
Japan,1975,,,,0.094771355,,,,,,0
Japan,1981,,,,0,,,,,,0
Japan,1985,,,,0.006972573,,,,,,
Japan,1991,,,,0.276489,,0.00027411786,,,,
Japan,1996,,,,0,,,,,,0
Japan,1997,,,,0.0022259576,,,,,,0
Japan,2002,,,,0.00060963276,,,0,,,
Jordan,1999,0,,,,,,,,,
Jordan,2000,0,,,0,0,,,,,
Jordan,1965,,0.16673343,,,,,,,,
Jordan,1966,,0.21276604,,,,,,,,
Jordan,1987,,0,,,,,,,,
Jordan,1991,,0,,0,,,,,,
Jordan,1997,,0.013801024,,,,,,,,
Jordan,2018,,0,,,,,,,,
Jordan,1992,,,,,7.531775,,,,,
Jordan,2023,,,,,0,,,,,
Kazakhstan,2021,0,,,,,,,,,
Kazakhstan,1993,,0.1560579,,,,,,,,
Kazakhstan,2000,,0.00820031,,,,,,,,
Kazakhstan,2001,,0,,,0,,,,,
Kazakhstan,2005,,0.013413004,,,,,,,,
Kazakhstan,2008,,0.09742086,,,,,,,,
Kazakhstan,2010,,0.02335469,,,,,,,,
Kazakhstan,2011,,0.034782343,,,,,,,,
Kazakhstan,2012,,0,,,0,,,,,
Kazakhstan,2014,,0,,,,,,,,
Kazakhstan,2015,,0.0028743674,,,,,,,,
Kazakhstan,2017,,0,,,,,,,,
Kazakhstan,2018,,0,,,,,,,,
Kazakhstan,2020,,0,,,,,,,,
Kazakhstan,2024,,0,0,,,,,,,
Kazakhstan,2003,,,0,,,,,,,
Kazakhstan,1995,,,,0.014724431,,,,,,
Kazakhstan,1997,,,,,0,,0,,,
Kazakhstan,2013,,,,,0,,,,,
Kazakhstan,2023,,,,,,,0,,,
Kazakhstan,2004,,,,,,,,,,0
Kenya,1965,0,,,,,,,,,
Kenya,1971,0.08434589,,,,,,,,,
Kenya,1979,0,,,,,,,,,
Kenya,1980,0,,,,,,,,,
Kenya,1984,0,,,,,,,,,
Kenya,1991,0,,,,,,,,,
Kenya,1992,0,,,,,,,,,
Kenya,1994,0,,,,,,,,,
Kenya,1995,0,,,,,,,,,
Kenya,1997,0,0.08996807,,,,,,,,
Kenya,1998,0,0,,,,,,,,
Kenya,1999,0,,,,,,,,,
Kenya,2000,0,,,,,,,,,
Kenya,2001,0,,,,,,,,,
Kenya,2002,0,0,,,,,,,,0
Kenya,2004,0,0,0.62129796,,,,,,,
Kenya,2005,0,0.0026683894,,,,,,,,
Kenya,2006,0,0,,,,,,,,
Kenya,2008,0,0,,,,,,,,0
Kenya,2009,0,0,,,,,,,,
Kenya,2011,0,0,,,,,,,,
Kenya,2012,0,0.17731532,,,,,,,,
Kenya,2014,0,,,,,,,,,
Kenya,2015,0,0,,,,,,,,
Kenya,2016,0,0,,,,,,,,
Kenya,2017,0,0,,,,,,,,
Kenya,2018,0,0.37959728,,,,,,,,
Kenya,2019,0,0,,,,,,,,0
Kenya,2020,0.010117445,0.009934679,,,,,,,,
Kenya,2021,0.109301746,0,,,,,,,,
Kenya,2022,0.10476985,,,,,,,,,
Kenya,1964,,0,,,,,,,,
Kenya,1968,,0.0036946847,,,,,,,,
Kenya,1975,,0,,,,,,,,
Kenya,1977,,0.22250016,,,,,,,,
Kenya,1982,,0,,,,,,,,
Kenya,1990,,0,0,,,,,,,
Kenya,1996,,0,,,,,,,,
Kenya,2003,,0,,,,,,,,
Kenya,2007,,0,,,,,,,,0
Kenya,2010,,0,,,,,,,,0
Kenya,2013,,0.05837386,,,,,,,,
Kenya,2023,,0,,,,,,,,
Kenya,2024,,0,,,,,,,,
Kenya,1988,,,,0,,,,,,
Kiribati,1999,0,,,,,,,,,
Kiribati,2008,,0,,,,,,,,
Kiribati,2014,,0,,,,,,,,
Kiribati,1972,,,,0,,,,,,
Kiribati,2015,,,,0,,,,,,
Kuwait,1997,,0,,,,,,,,
Kuwait,2018,,0,,,,,,,,
Kyrgyzstan,2009,0,,,,,,,,,
Kyrgyzstan,1998,,0.14581123,,,,,,,,
Kyrgyzstan,2005,,0.108119234,,,,,,,,
Kyrgyzstan,2007,,0.0052596,,,,,,,,
Kyrgyzstan,2012,,0,,,0,,,,,
Kyrgyzstan,2024,,0,,,,,,,,
Kyrgyzstan,1992,,,6.9536014,,,,,,,
Kyrgyzstan,1997,,,0.113130875,,,,,,,
Kyrgyzstan,2006,,,0,0,,,,,,
Kyrgyzstan,2008,,,0,,,,,,,
Kyrgyzstan,2011,,,0,,,,,,,
Kyrgyzstan,2015,,,0.17968975,,,,,,,
Kyrgyzstan,2017,,,0,,,,,,,0
Kyrgyzstan,2014,,,,0,,,,,,
Kyrgyzstan,2000,,,,,0,,,,,
Kyrgyzstan,2022,,,,,0,,,,,
Kyrgyzstan,1994,,,,,,,,,,2.140588
Kyrgyzstan,2002,,,,,,,,,,0.09342051
Kyrgyzstan,2003,,,,,,,,,,0
Kyrgyzstan,2004,,,,,,,,,,0
Kyrgyzstan,2010,,,,,,,,,,0
Kyrgyzstan,2021,,,,,,,,,,0
Laos,1987,0,,,,,,,,,
Laos,1988,0,,,,,,,,,
Laos,1999,0,,,,,,,,,
Laos,2019,0,0,,,,,,,,
Laos,1984,,0,,,,,,,,
Laos,1991,,0,,0.014590191,,,,,,
Laos,1992,,1.9354377,,0.32363695,,,,,,
Laos,1994,,0,,,,,,,,
Laos,1995,,0,,0,,,,,,
Laos,1996,,0,,,,,,,,
Laos,2000,,0.05776347,,,,,,,,
Laos,2001,,0,,,,,,,,
Laos,2002,,0,,,,,,,,
Laos,2008,,0,,,,,,,,
Laos,2009,,0,,1.7134621,,,,,,
Laos,2011,,0,,,,,,,,
Laos,2013,,1.0097425,,,,,,,,
Laos,2014,,0,,,,,,,,
Laos,2015,,0.06931746,,,,,,,,
Laos,2016,,0.00031421834,,,,,,,,
Laos,2018,,0,,1.2402406,,,,,,
Laos,2022,,0,,,,,,,,
Laos,2023,,0.048721354,,,,,,,,
Laos,2024,,0.013700595,,1.8178587,0,,,,,
Laos,2021,,,0.00063737744,0,,,,,,
Laos,1993,,,,22.756641,,,,,,
Laos,2017,,,,0,,,,,,
Laos,2020,,,,0,,,,,,
Latvia,2023,,0,,,0,,,,,
Latvia,1999,,,,0.006826691,,,,,,
Latvia,2005,,,,1.993017,,,,,,
Latvia,2001,,,,,0,,,,,
Latvia,2003,,,,,0,,,,,
Latvia,2006,,,,,0,,,,,
Latvia,2012,,,,,0,,,,,
Latvia,2022,,,,,0,,,,,
Latvia,2024,,,,,0,,,,,
Latvia,2018,,,,,,,0,,,
Lebanon,2003,,0,,,,,,,,
Lebanon,1992,,,,2.652484,,,,,,
Lebanon,2002,,,,0,,,,,,
Lebanon,2015,,,,0,,,,,,
Lebanon,2018,,,,0,,,,,,
Lebanon,2019,,,,0,,,,,,
Lebanon,2023,,,,,0,,,,,
Lebanon,2007,,,,,,,0,,,
Lebanon,2020,,,,,,,0,,,
Lesotho,1968,1.6274459,,,,,,,,,
Lesotho,1983,0,,,,,,,,,
Lesotho,1984,0,,,,,,,,,
Lesotho,1992,0,,,,,,,,,
Lesotho,1993,0,,,,,,,,,
Lesotho,1994,0,,,,,,,,,
Lesotho,2002,0,,,,,,,,,
Lesotho,2003,0,,,,,,,,,
Lesotho,2007,0,,,,,,,,,
Lesotho,2008,0,,,0,,,,,,
Lesotho,2011,0,0,,,,,,,,
Lesotho,2012,0,,,,,,,,,
Lesotho,2016,0,,,,,,,,,
Lesotho,2017,0,,,,,,,,,
Lesotho,2019,0,,,,,,,,,
Lesotho,2020,0,,,,,,,,,
Lesotho,2021,0,,,0,,,,,,
Lesotho,2022,0,,,,,,,,,
Lesotho,2023,0,,,0,,,,,,
Lesotho,2024,0,,,,,,,,,
Lesotho,1985,,0,,,,,,,,
Lesotho,1987,,0,,,,,,,,
Lesotho,1990,,0,,,,,,,,
Lesotho,1989,,,,0,,,,,,
Lesotho,1996,,,,0,,,,,,
Lesotho,2001,,,,0,,,,,,
Lesotho,2014,,,,0,,,,,,
Liberia,1983,0,,,,,,,,,
Liberia,1998,,0,,,,,,,,
Liberia,2007,,0,,0,,,,,,
Liberia,2008,,0,,,,,,,,
Liberia,2009,,0,,,,,,,,
Liberia,2010,,0,,,,,,,,
Liberia,2016,,0,,,,,,,,
Liberia,2024,,0,,,,,,,,
Liberia,1995,,,,0,,,,,,
Liberia,1990,,,,,12.226847,,,,,
Liberia,1982,,,,,,,,,0,
Libya,1995,,0.1652221,,,,,,,,
Libya,2013,,0,,,,,,,,
Libya,2019,,0.010252042,,,,,,,,
Libya,2024,,0,,,,,,,,
Libya,1963,,,0.5603321,,,,,,,
Libya,2023,,,,13.748306,,,,,,
Liechtenstein,2023,,,,,0,,,,,
Lithuania,2006,0.749009,,,,,,,,,
Lithuania,2018,0,,,,0,,,,,
Lithuania,2005,,0,,0.1149196,,,,,,
Lithuania,2010,,0,,,0,,,,,
Lithuania,1999,,,,0.0045363423,0,,,,,
Lithuania,2001,,,,,0,,,,,
Lithuania,2012,,,,,0,,,,,
Lithuania,2022,,,,,0,,,,,
Lithuania,2023,,,,,0,,,,,
Lithuania,2024,,,,,0,,,,,
Low-income countries,1967,0.0011624167,1.0781415,,,,,,,,
Low-income countries,1968,0.0026761447,0.0049241064,,0.016592098,,,,,,0
Low-income countries,1969,0.015918551,0.00092019,0.001472304,0.02300475,,,,,,
Low-income countries,1970,0.04041092,,,0.051383164,,,,,,
Low-income countries,1971,0.03843567,0,,,,,,,,0
Low-income countries,1972,0.032541603,0,0,0.04487925,,,,,,
Low-income countries,1973,0.031046353,0,,,,,0,,,
Low-income countries,1974,0.057825938,0.096603096,,,,,,,,
Low-income countries,1975,0.048901442,0,,0.007352424,,,,,,
Low-income countries,1976,0.046448145,0,0,0.03303326,,,,,,
Low-income countries,1977,0.04010874,0.09312496,,0.58727455,,0,,,,
Low-income countries,1978,0.03453603,0.20151223,,0.04174182,,,,,,
Low-income countries,1979,0,0,,,,,,,,
Low-income countries,1980,0,0,,,,,,,,
Low-income countries,1981,0,0,,0.3022014,,,,,,
Low-income countries,1982,0,0,0.0011997126,0.29992816,,,,,0,
Low-income countries,1983,0,0,0.0037620082,0.03135007,,,,,,
Low-income countries,1984,0,0,0.0063693826,0.41400987,,,,,,
Low-income countries,1985,0,0.000679324,,0,,,,,,
Low-income countries,1987,0,0,,0,,,,,,0
Low-income countries,1988,0,0.3071874,0,0.00017849157,,,,,,
Low-income countries,1989,0,0,0.029432522,0,,,,,,0
Low-income countries,1990,0,0,0,,0.03933562,,,,,
Low-income countries,1991,0.028866181,0.06291696,0,0,0,,,,0,
Low-income countries,1992,0.012489756,0.0043590614,0,,,,,,,
Low-income countries,1993,0,0.0016757183,0,0.113520056,,,,,,0
Low-income countries,1994,0,0.0036265776,0.07253155,0.010568883,,,,,,0
Low-income countries,1995,0,17.028664,,0,,,0,,,0
Low-income countries,1996,0,4.0700326,0,0.017306589,,,,,,
Low-income countries,1997,0,0.0011097202,0.000011097202,0.055552594,,,,,,0
Low-income countries,1998,0.017821472,0.04356372,0.021733502,,,,0,,,0
Low-income countries,1999,0.00085936714,0.018368972,0,0,,,0,,,
Low-income countries,2000,0.000010813531,0.36165598,,5.172662,,,0,,,0
Low-income countries,2001,0.000017125094,0.050413672,0,0,0.000009149487,,,,,0
Low-income countries,2002,0.000015399302,0,0,0.00056022895,,0.0074039064,0,,,0
Low-income countries,2003,0,0.24576037,0,0,,,,,,
Low-income countries,2004,0,0.012453293,0.062266465,0.15566616,,,,,,
Low-income countries,2005,0,0.003215505,0.00002584811,0.002584811,0,0,,,,0
Low-income countries,2006,0,0.0014275999,0,0,,,,,,0
Low-income countries,2007,0,0.28017238,,0.08864111,,0,,,,
Low-income countries,2008,0,0.1280131,0.0021723434,0.024826782,0,,0,,,
Low-income countries,2009,0,0.05400369,0,0.0025413502,,,0,,,0
Low-income countries,2010,0,0.00004993693,0,0,,,0,,,0
Low-income countries,2011,0.037018303,0,,0,,,,,,
Low-income countries,2012,0,0.058647648,0,0.028536918,0,,,,,0
Low-income countries,2013,0,0.029980762,0,0.007563542,,,0,,,0
Low-income countries,2014,0,0.0058499593,,0,,,,,,0
Low-income countries,2015,0.07809651,0.119409174,0,0.0683884,0,,0,,,0.0008340049
Low-income countries,2016,0.26587605,0.021566274,0,0.00047451854,,,,,,0
Low-income countries,2017,0.08515225,0.0030562321,,0.011308059,,,,,,0.009168697
Low-income countries,2018,0,0.044968113,,0.0013540041,0,,,,,0.00818122
Low-income countries,2019,0,0,,0.6384999,,,0,,,0
Low-income countries,2020,0,0.08214728,,0,,,0,,,0
Low-income countries,2021,0.12218209,0,,0,,0,,,,0
Low-income countries,2022,0.25496584,0.0023367784,0,0.0037388452,,,0,,,0
Low-income countries,2023,0.021017646,0.0023600324,2.1516414,0.12430526,0,,0,,,0
Low-income countries,2024,0.08573728,0.19612402,,0.01071716,0,,0,,0,0
Low-income countries,1986,,0,,0.19368398,,,,,,
Lower-middle-income countries,1964,0,0.007814224,0,0.12559195,,,,,,
Lower-middle-income countries,1965,0.027012689,0.0053485124,,0.047569346,0,0.0081038065,,,,
Lower-middle-income countries,1966,0.029597573,0.030871453,0.0008879272,0.042265333,,,,,,
Lower-middle-income countries,1967,0.027734065,0.004825727,0.0003328088,0.028871162,,,,,,0
Lower-middle-income countries,1968,0.0015681271,0.294361,0.005488445,0.010663264,,0.0039203176,,,,0
Lower-middle-income countries,1969,0.011002781,0.07683717,0,0.025252871,,0,,,,
Lower-middle-income countries,1970,0.01015912,0.10226616,0.0011442825,0.22545569,,,,,,0
Lower-middle-income countries,1971,0.011764181,0.33289444,,0.01988451,,0.0012557317,,,,0
Lower-middle-income countries,1972,0.043593727,0.12996279,0.49700874,0.02823245,,,,,,0
Lower-middle-income countries,1973,0.036980346,0.3335143,0.00022501199,0.0035001866,0,,,,,0
Lower-middle-income countries,1974,0.006280387,0.24678071,0.0013157595,0.24063645,,,,,,0
Lower-middle-income countries,1975,0.0057486882,0.26355737,0,0.07459622,0,,,,,0
Lower-middle-income countries,1976,0,0.176773,0.0467623,0.15542637,,0.00023695224,,,,0
Lower-middle-income countries,1977,0.046586677,0.007582137,0.000031057785,0.17173713,,0,,,,0
Lower-middle-income countries,1978,0.046459153,0.046327975,,0.0799306,0,0,0,,,0
Lower-middle-income countries,1979,0.048858482,0.03173006,,0.009295246,0,,0.0026050368,,,0
Lower-middle-income countries,1980,0,0.091325924,0.047606066,0.1007288,0,,,,0,0
Lower-middle-income countries,1981,0,0.04339362,0.0007832784,0.014315822,0,,0,,,0
Lower-middle-income countries,1982,0.000017625815,0.18779993,0,0.20829213,0,,,,,0
Lower-middle-income countries,1983,0.15533227,0.011926312,0.0058587934,0.10283615,,0,,,0,0
Lower-middle-income countries,1984,0.0048725144,0.015938774,0,0.07374143,0,0,0.00034649507,,,
Lower-middle-income countries,1985,0.0045058182,0.1332474,0.0004870154,0.050584827,0.023376739,,0,,0,
Lower-middle-income countries,1987,0,0.25307408,0.0003889481,0.034627493,0,,,,,
Lower-middle-income countries,1988,0.0069514904,0.44297078,0.018886797,0.13031201,0,,,,0,0
Lower-middle-income countries,1989,0,0.006173114,0,0.03130854,0,,,,0,0
Lower-middle-income countries,1990,0.00044696202,0.047184102,0.050104313,0.44254988,0,,,,,0
Lower-middle-income countries,1991,0.012206402,0.10085591,0.009862418,0.29103294,0,0.029728148,0.011271335,,,0
Lower-middle-income countries,1992,0.005831152,0.30507982,0.18703365,0.023891997,0.053977966,0,0.00083665847,,0,0.057230137
Lower-middle-income countries,1993,0.0014473508,1.0499514,0.038021322,0.103003494,,0.00006510317,,,0,0.019877814
Lower-middle-income countries,1994,0.0070596156,0.08137232,0.00043904156,0.046563677,0,0.0130525865,,,,0.0073925103
Lower-middle-income countries,1995,0.004946735,0.14516446,0,0.11861365,0,0.00007214784,,,,0.0004496749
Lower-middle-income countries,1996,0.050996106,0.038864195,,0.1890356,0,0,,,,0
Lower-middle-income countries,1997,0.0051458552,0.04501345,0.0032624744,0.04086542,0,,0,,,0
Lower-middle-income countries,1998,0.028470036,0.4061625,0,0.4737799,0,,0,,,0
Lower-middle-income countries,1999,0.019063927,0.036505572,0.00033699063,0.27158415,0,0,0.00031087696,,,0
Lower-middle-income countries,2000,0.059033196,0.16291343,0,0.009295867,0.000068058136,0.00018625552,0,,0,0
Lower-middle-income countries,2001,0.06728082,0.070735544,0.21847124,0.015698534,0,0.00021484878,,,,0.000049964834
Lower-middle-income countries,2002,0.09540094,0.045924485,0.00013531605,0.0012276339,0,0,0,,,0.00011842128
Lower-middle-income countries,2003,0.0041303406,0.037959598,0,0.005514506,0.027815215,,,,,0.0031674576
Lower-middle-income countries,2004,0,0.3018673,0.2319455,0.013324496,0,0,0,,,0.00014801304
Lower-middle-income countries,2005,0.0022088345,0.33184025,0.32513708,0.021936264,0,0,0,,,0.0026220733
Lower-middle-income countries,2006,0,0.15530173,0.00098529,0.06363724,0,0,,,,0.00009866336
Lower-middle-income countries,2007,0,0.06708511,0,0.15114526,0,0,0,,,0
Lower-middle-income countries,2008,0,0.037928153,0.00033107502,0.15418577,0.027810302,0,,,0,0
Lower-middle-income countries,2009,0,0.080144666,0.003177766,0.08470348,0,0,,,,0
Lower-middle-income countries,2010,0.0026374345,0.33658603,0.21103433,0.014662026,0,0,0,,,0.00047679542
Lower-middle-income countries,2011,0,0.13410926,0.00008509011,0.021340197,0.0000029072455,0,,,,0
Lower-middle-income countries,2012,0,0.078204714,0.0002978064,0.035183318,0,,,,0,0
Lower-middle-income countries,2013,0.0038359025,0.123571925,0.005785496,0.26501468,0,,0,,,0
Lower-middle-income countries,2014,0.0030086269,0.36589062,0.000058764424,0.16406241,0.00035258653,0,,,,0.0042114505
Lower-middle-income countries,2015,0.043837447,0.06455274,0.10189338,0.0678044,0,,,,0,0
Lower-middle-income countries,2016,0.14319313,0.057240635,0.010222047,0.084440336,0,,0,,,0
Lower-middle-income countries,2017,0.016047781,0.07001357,0.0003536187,0.063511156,0,0,0,,,0
Lower-middle-income countries,2018,0.0073760594,0.05952051,0.0010158846,0.0528651,0,0.000059354305,0,,0,0
Lower-middle-income countries,2019,0.010822512,0.16386847,0.0011454782,0.037382018,0,0,0,,,0
Lower-middle-income countries,2020,0.0001666701,0.22692998,0.000040914823,0.32591057,0,0.0010801513,0,,,0
Lower-middle-income countries,2021,0.0017323451,0.046866987,0.02340736,0.07876276,,0,0,0.0030339295,,0
Lower-middle-income countries,2022,0.0016253075,0.32381985,0.002065724,0.0055176923,0,0,0,,,0
Lower-middle-income countries,2023,0,0.006284367,0.094920896,0.03895471,0,0,0,0,,0
Lower-middle-income countries,2024,0.006515088,0.009989246,0.001272671,0.046701934,0,0,0.001272671,0,,0.0040103137
Lower-middle-income countries,1960,,0,0.14027487,0.039744545,,0,,,,0
Lower-middle-income countries,1961,,0,,0.013378037,0,,,,,
Lower-middle-income countries,1962,,0,,0,,,,,,
Lower-middle-income countries,1963,,0,,0.22444424,,,,,0,
Lower-middle-income countries,1986,,0.06900273,0.00088860665,0.06129819,,0,,,,0
Luxembourg,1983,,0,,,,,,,,
Luxembourg,1993,,0.062792294,,,,,,,,
Luxembourg,2021,,0,,,,,,,,
Luxembourg,1990,,,,2.8954222,,,,,,
Luxembourg,1995,,,,0.047954515,,,,,,
Luxembourg,2010,,,,0.05514642,,,,,,
Luxembourg,2019,,,,0,,,,,,
Luxembourg,2003,,,,,0,,,,,
Luxembourg,2022,,,,,0,,,,,
Luxembourg,2023,,,,,0,,,,,
Luxembourg,2024,,,,,0,,,,,
Macao,1993,,,,0,,,,,,
Macao,2017,,,,2.8183622,,,,,,
Madagascar,1981,0,,,5.2528358,,,,,,
Madagascar,1988,0,,,,,,,,,
Madagascar,1989,0,,,0,,,,,,
Madagascar,1990,0,,,,,,,,,
Madagascar,1991,0,,,0,,,,,,
Madagascar,1992,0,,,,,,,,,
Madagascar,2000,0,,,0.19441606,,,,,,
Madagascar,2002,0,,,0.003382102,,,,,,
Madagascar,2003,0,2.3538647,,0,,,,,,
Madagascar,2004,0,,,4.9360948,,,,,,
Madagascar,2005,0,0,,0,,,,,,
Madagascar,2006,0,,,0,,,,,,
Madagascar,2008,0,,,0.5594334,,,,,,
Madagascar,2009,0,,,0.051991917,,,,,,
Madagascar,2010,0,,,0,,,,,,
Madagascar,2011,0,,,0,,,,,,
Madagascar,2014,0,,,0,,,,,,
Madagascar,2015,0,0,,0.40625203,,,,,,
Madagascar,2016,0,,,,,,,,,
Madagascar,2017,0,,,0.15178752,,,,,,
Madagascar,2018,0,,,0,,,,,,
Madagascar,2020,0,0,,0,,,,,,
Madagascar,2021,0,0,,0,,,,,,
Madagascar,2022,0,0,,0.104400456,,,,,,
Madagascar,2023,0,,,0.12602438,,,,,,
Madagascar,2024,0,,,0.287013,,,,,0,
Madagascar,1986,,0,,3.44987,,,,,,
Madagascar,1998,,0,,,,,,,,
Madagascar,2007,,0,,2.8153744,,,,,,
Madagascar,2019,,0,,0.17724633,,,,,,
Madagascar,1968,,,,0.3004838,,,,,,
Madagascar,1969,,,,0.47330958,,,,,,
Madagascar,1970,,,,1.0253093,,,,,,
Madagascar,1972,,,,0.9257667,,,,,,
Madagascar,1975,,,,0,,,,,,
Madagascar,1976,,,,0.7791574,,,,,,
Madagascar,1977,,,,14.837233,,,,,,
Madagascar,1978,,,,1.086242,,,,,,
Madagascar,1982,,,,5.224685,,,,,,
Madagascar,1983,,,,0.53345203,,,,,,
Madagascar,1984,,,,6.4005103,,,,,,
Madagascar,1994,,,,0.2895895,,,,,,
Madagascar,1996,,,,0,,,,,,
Madagascar,1997,,,,1.1728925,,,,,,
Madagascar,2012,,,,0.8636343,,,,,,
Madagascar,2013,,,,0.20123065,,,,,,
Malawi,1987,0,,,,,,,,,
Malawi,1988,0,,,,,,,,,
Malawi,1990,0,,,,,,,,,
Malawi,1992,0,,,,,,,,,
Malawi,1993,0,,,,,,,,,
Malawi,1994,0,,,,,,,,,
Malawi,1995,0,0,,,,,,,,
Malawi,2002,0,0,,,,,,,,
Malawi,2005,0,0,,0,,,,,,
Malawi,2006,0,0,,,,,,,,
Malawi,2007,0,0,,,,,,,,
Malawi,2012,0,0,,0,,,,,,
Malawi,2013,0,0,,,,,,,,
Malawi,2015,0,4.230176,,0,,,,,,
Malawi,2016,0,0,,,,,,,,
Malawi,2017,0,0,,,,,,,,
Malawi,2022,0,0,,0,,,,,,
Malawi,2024,3.6334155,0,,0,,,,,,
Malawi,1982,,0,,,,,,,,
Malawi,1989,,0,1.2099186,,,,,,,
Malawi,1991,,0.7484134,,,,,,,,
Malawi,1997,,0,,,,,,,,
Malawi,1998,,0.0034934708,,,,,,,,
Malawi,1999,,0,,,,,,,,
Malawi,2000,,0.039411854,,,,,,,,
Malawi,2001,,0.26821363,,,,,,,,
Malawi,2003,,0,,,,,,,,
Malawi,2008,,0,,,,,,,,
Malawi,2009,,0,0,,,,,,,
Malawi,2010,,0,,,,,,,,
Malawi,2011,,0,,,,,,,,
Malawi,2018,,0,,,,,,,,
Malawi,2019,,0,,,,,,,,0
Malawi,2020,,0,,,,,,,,
Malawi,2023,,0,,3.9860291,,,,,,
Malawi,2021,,,,0,,,,,,
Malaysia,1998,0,0,,,,,0.0027713305,,,
Malaysia,2014,0,0.08400724,,,,,,,,
Malaysia,1965,,0.033825636,,,,,,,,
Malaysia,1967,,0.8027784,,,,,,,,
Malaysia,1970,,0.95752084,,,,,,,,
Malaysia,1978,,0,,,,,,,,
Malaysia,1983,,0,,,,,,,,
Malaysia,1986,,0.04146518,,,,,,,,
Malaysia,1987,,0,,,,,,,,
Malaysia,1988,,0,,,,,,,,
Malaysia,1993,,0,,,,,,,0,
Malaysia,1996,,0,,0.051558968,,,,,,0
Malaysia,1999,,0,,,,,,,,
Malaysia,2000,,0.0010662148,,0,,,,,,
Malaysia,2001,,0,,,,,,,,
Malaysia,2002,,0,,0,,,,,,0
Malaysia,2003,,0,,,,,,,,
Malaysia,2004,,0.008016066,0.4008033,0,,,,,,
Malaysia,2005,,0,,,,,0,,,
Malaysia,2006,,0.013522463,,,,,,,,
Malaysia,2007,,0.5001303,,,,,,,,
Malaysia,2008,,0,,,,,,,,
Malaysia,2009,,0,,,,,,,,
Malaysia,2011,,0,,,,,,,,0
Malaysia,2013,,0.00061866594,,,,,,,,
Malaysia,2015,,0,6.636685e-7,,,,,,,
Malaysia,2016,,0.009065493,,,,,,,,
Malaysia,2017,,0.032806855,,0,,,,,,
Malaysia,2018,,0,,,,,,,,
Malaysia,2019,,0,,,,,,,,
Malaysia,2020,,0.0020150766,,,,,,,,
Malaysia,2021,,0.3254992,,,,,,,,
Malaysia,2022,,0.059757076,,,,,,,,0
Malaysia,2023,,0,,,,,,,,
Malaysia,1968,,,,0,,,,,,
Malaysia,1997,,,,0.0009999467,,,0.29998404,,,
Malaysia,1995,,,,,,,0,,,0
Maldives,1987,,4.248599,,,,,,,,
Maldives,2007,,0,,,,,,,,
Maldives,2019,,0,,,,,,,,
Maldives,2004,,,38.31828,,,,,,,
Maldives,1991,,,,12.275122,,,,,,
Maldives,2021,,,,0,,,,,,
Mali,1978,0,,,,,,,,,
Mali,1980,0,,,,,,,,,
Mali,1981,0,,,,,,,,,
Mali,1982,0,,,,,,,,,
Mali,1983,0,,,,,,,,,
Mali,1984,0,,,,,,,,,
Mali,1985,0,,,,,,,,,
Mali,1991,0,,,,,,,,,
Mali,2001,0,0,,,,,,,,
Mali,2005,0,0,,,,,,,,
Mali,2006,0,0,,,,,,,,
Mali,2010,0,0,,,,,,,,
Mali,2011,0,0,,,,,,,,
Mali,2012,0,,,,,,,,,
Mali,2020,0,,,,,,,,,
Mali,2022,0,0,,,,,,,,
Mali,1988,,0,,,,,,,,
Mali,1989,,0,,,,,,,,
Mali,1998,,0,,,,,,,,
Mali,1999,,0,,,,,,,,
Mali,2000,,0,,,,,,,,
Mali,2002,,0,,,,,,,,
Mali,2003,,0,,,,,,,,
Mali,2007,,0,,,,,,,,
Mali,2008,,0,,,,,,,,
Mali,2009,,0,,,,,,,,
Mali,2013,,0,,,,,,,,
Mali,2015,,0,,,,,,,,
Mali,2016,,0,,,,,,,,
Mali,2018,,0,,,,,,,,
Mali,2019,,0,,,,,,,,
Mali,2024,,0.6205791,,,,,,,,
Malta,2022,,,,,0,,,,,
Malta,2023,,,,,0,,,,,
Marshall Islands,2013,0,,,,,,,,,
Marshall Islands,2015,1.8831687,,,,,,,,,
Marshall Islands,2016,0.71388453,,,,,,,,,
Marshall Islands,2022,0,,,,,,,,,
Marshall Islands,2024,0,,,0,,,,,,
Marshall Islands,2008,,0,,,,,,,,
Marshall Islands,2014,,0,,,,,,,,
Marshall Islands,1991,,,,0,,,,,,
Marshall Islands,2019,,,,0,,,,,,
Mauritania,1965,0,,,,,,,,,
Mauritania,1969,1.6454972,,,,,,,,,
Mauritania,1970,1.5692174,,,,,,,,,
Mauritania,1971,1.4468689,,,,,,,,,
Mauritania,1972,1.2396275,,,,,,,,,
Mauritania,1973,0.9843612,,,,,,,,,
Mauritania,1974,0.79203236,,,,,,,,,
Mauritania,1975,0.6921668,,,,,,,,,
Mauritania,1976,0,,,,,,,,,
Mauritania,1977,0,,,,,,,,,
Mauritania,1978,2.3850372,,,,,,,,,
Mauritania,1979,0.66280836,,,,,,,,,
Mauritania,1980,0,,,,,,,,,
Mauritania,1981,0,,,,,,,,,
Mauritania,1982,0,,,,,,,,,
Mauritania,1983,0,,,,,,,,,
Mauritania,1984,0,0,,,,,,,,
Mauritania,1985,0,0,,,,,,,,
Mauritania,1993,0,,,,,,,,,
Mauritania,1997,0,,,,,,,,,
Mauritania,1998,0,,,,,,,,,
Mauritania,2001,0,0,,,,,,,,
Mauritania,2002,0,0,,,,,,,,
Mauritania,2003,0,0,,,,,,,,
Mauritania,2010,0,0,,,,,,,,
Mauritania,2011,0,,,,,,,,,
Mauritania,2012,0,,,,,,,,,
Mauritania,2017,0,,,0,,,,,,
Mauritania,2018,0,,,,,,,,,
Mauritania,2019,0,0,,,,,,,,
Mauritania,2020,0,0,,,,,,,,
Mauritania,2021,0,,,,,,,,,
Mauritania,2022,0,0,,,,,,,,
Mauritania,1995,,0,,,,,,,,
Mauritania,1999,,0,,0,,,,,,
Mauritania,2005,,0,,,,,,,,
Mauritania,2006,,0,,,,,,,,
Mauritania,2007,,0,,,,,,,,
Mauritania,2009,,0,,,,,,,,
Mauritania,2013,,0.027689053,,,,,,,,
Mauritania,2023,,0,,,,,,,,
Mauritania,1991,,,,0,,,,,,
Mauritius,1999,3.9752913,,,0,,,,,,
Mauritius,2013,,0.016269457,,,,,,,,
Mauritius,1960,,,,0,,,,,,
Mauritius,1967,,,,2.0969698,,,,,,
Mauritius,1972,,,,0,,,,,,
Mauritius,1975,,,,29.703943,,,,,,
Mauritius,1979,,,,14.257239,,,,,,
Mauritius,1982,,,,0.08902726,,,,,,
Mauritius,1983,,,,0,,,,,,
Mauritius,1989,,,,2.7133203,,,,,,
Mauritius,1991,,,,0,,,,,,
Mauritius,1994,,,,3.7548,,,,,,
Mauritius,1996,,,,0,,,,,,
Mauritius,2002,,,,1.0190575,,,,,,
Mauritius,2007,,,,0,,,,,,
Mauritius,2018,,,,0,,,,,,
Mauritius,2022,,,,0,,,,,,
Mauritius,2023,,,,0,,,,,,
Mauritius,2024,,,,0,,,,,,
Mexico,1978,0,0.023673004,0,,,,,,,
Mexico,1988,0,,,0.1795044,0.00033037618,,,,,
Mexico,1995,0.02630489,,0.0055503314,0.63781464,0,,,,,
Mexico,1996,0.27767625,0,,0.0000023139687,,,,,,
Mexico,1999,0.0063521964,0.07149314,0.062035706,0,0,0,,,,
Mexico,2000,0.008072352,0,,0.00013475976,0,0,,,,
Mexico,2002,0.025904622,0,,0.10361849,0,0,,,,
Mexico,2011,0,0,0,0.007949464,0.040683027,,0,,,
Mexico,1965,,0.03663004,,,,,,,,
Mexico,1967,,0.0018825302,,0.6927711,,,,,,
Mexico,1970,,0,,,,,,,,
Mexico,1972,,0,,,,,,,,
Mexico,1973,,0.18089725,0,,,,,,,
Mexico,1979,,0,0.022299543,,,,,,,
Mexico,1980,,0.042319898,0.002432178,,,,,,,
Mexico,1982,,0.062079296,0,0.04463642,,0.063379385,,,,
Mexico,1984,,0,,0,,,,,,
Mexico,1986,,0,,,,,,,,
Mexico,1987,,0,0,,,,,,,
Mexico,1989,,0,0,,,,0.037578516,,,
Mexico,1990,,0.016841868,,0.034717213,0,,,,,
Mexico,1991,,0.00063869264,,0,,,,,,
Mexico,1993,,0.017994542,0,0.31547034,,,,,,
Mexico,1998,,0.108115174,,0.00017938472,0,0,0.0014350777,,,0
Mexico,2001,,0,,0.050372798,,,,,,
Mexico,2003,,0,0.015191693,0.013062505,0,,0,,,0
Mexico,2004,,0.0004393141,,,0,,,,,
Mexico,2005,,0,,0.8620578,,,,,,
Mexico,2006,,0,,0.0002646371,0,,,,,0
Mexico,2007,,0.2721445,,0.0544289,,,,,,0
Mexico,2008,,0,,0.00645687,,,,,,0
Mexico,2009,,0,,0.004239815,,,,,,
Mexico,2010,,0.0014474081,0.10403246,0.53373176,,,,,,0
Mexico,2013,,0,,0.4295498,,,,,,
Mexico,2015,,0,,0.06799668,,,,,,
Mexico,2016,,0.0022477296,,0.004495459,,,,,,
Mexico,2017,,0,0.69705635,0.0001679654,,,,,,
Mexico,2018,,0,0,0.04328623,,,,,,
Mexico,2019,,0,,0.029368773,,,,,,
Mexico,2020,,0,0.0066900686,0.029882306,,,,,,
Mexico,2021,,0.0045572985,0.015190995,0.06152353,,,,,,
Mexico,2022,,0,0.00170478,0.003477751,,,,,,
Mexico,2023,,0,,0.6689713,,,,,,
Mexico,1964,,,0.0149402395,,,,,,,
Mexico,1968,,,0.008174387,,0,,,,,
Mexico,1981,,,0,0.015163127,,,,,,
Mexico,1985,,,2.1020167,,,,,,,
Mexico,1997,,,0,0.08554789,0.0007641615,0,,,,0
Mexico,2012,,,0.025495764,0.06812149,,,,,,
Mexico,2014,,,0,0.18625765,,,,,,
Mexico,1961,,,,0,,,,,,
Mexico,1966,,,,0.098684214,,,,,,
Mexico,1969,,,,0,,,,,,0
Mexico,1971,,,,0,,,,,,
Mexico,1974,,,,0,,,,,,
Mexico,1975,,,,0,,,,,,
Mexico,1976,,,,0.11251641,,,,,,
Mexico,1977,,,,0,,,,,,
Mexico,1983,,,,0,,,,,,0
Mexico,1992,,,,0.0008260871,0.021478264,,,,,
Mexico,2024,,,,0.13979425,0,,,,,0
Mexico,1962,,,,,0,,,,,
Mexico,1994,,,,,,0,,,,
Micronesia (country),1998,0,,,,,,,,,
Micronesia (country),2016,0,,,,,,,,,
Micronesia (country),2023,0,,,,,,,,,
Micronesia (country),2024,0,,,,,,,,,
Micronesia (country),2008,,0,,,,,,,,
Micronesia (country),1987,,,,5.141388,,,,,,
Micronesia (country),2002,,,,0.20617095,,,,,,
Micronesia (country),2003,,,,0,,,,,,
Micronesia (country),2004,,,,0,,,,,,
Micronesia (country),2015,,,,3.4756243,,,,,,
Micronesia (country),2019,,,,0,,,,,,
Moldova,2000,0,,,2.4525986,,,,,,
Moldova,2007,9.224813,,,,,,,,,
Moldova,2012,0,,,,0,,,,,
Moldova,1994,,17.623068,,0,,,,,,
Moldova,1997,,2.5905647,,,,,,,,
Moldova,1999,,0.3416517,,,,,,,,
Moldova,2002,,0.050065644,,,,,,,,
Moldova,2005,,0.25940797,,,,,,,,
Moldova,2008,,0,,,,,,,,
Moldova,2010,,0,,,,,,,,
Moldova,2023,,,,0,,,,,,
Moldova,2006,,,,,0,,,,,
Moldova,2019,,,,,0,,,,,
Mongolia,2000,0,,,7.0367026,,,,,,
Mongolia,2001,0,,,0,,,,,,
Mongolia,2002,0,,,0,,,,,,
Mongolia,1982,,0,,,,,,,,
Mongolia,1994,,0,,,,,,,,
Mongolia,1996,,0,,,,,127.27764,,,
Mongolia,2003,,0.016924744,,0,,,,,,
Mongolia,2009,,0.0020506778,,,0.23038359,,,,,
Mongolia,2018,,0,,0,0,,,,,
Mongolia,2019,,0,,0,0,,,,,
Mongolia,2020,,0.012769491,,0,,,,,,
Mongolia,2021,,0,,0,,,,,,
Mongolia,2022,,0,,,0,,,,,
Mongolia,2023,,0,,0,0,,,,,
Mongolia,1990,,,,0,,,4.2955565,,,
Mongolia,1991,,,,0,,,,,,
Mongolia,1993,,,,1.3014028,,,,,,
Mongolia,2008,,,,0,,,,,,
Mongolia,2024,,,,0,,,,,,
Mongolia,2010,,,,,0.71548355,,,,,
Mongolia,2015,,,,,0,,,,,
Mongolia,2016,,,,,0,,,,,
Mongolia,2017,,,,,0,,,,,0
Mongolia,1986,,,,,,,0,,,
Montenegro,2007,,0,,,,,,,,
Montenegro,2009,,0,,,,,,,,
Montenegro,2010,,0,,,,,,,,
Montenegro,2012,,,,,0,,,,,
Montenegro,2022,,,,,0,,,,,
Montenegro,2023,,,,,0,,,,,
Montenegro,2024,,,,,0,,,,,
Montenegro,2017,,,,,,,0,,,
Morocco,1966,0,,,,,,,,,
Morocco,1971,0.0022953316,,,,,,,,,
Morocco,1999,0.44051278,,,,,,,,,
Morocco,2000,0.80808836,0,,,0.0018806319,,,,,
Morocco,2001,0.79525363,0.005019224,,,,,,,,
Morocco,1963,,0,,,,,,,,
Morocco,1964,,0,,,,,,,,
Morocco,1965,,0.16958746,,,,,,,,
Morocco,1970,,0.7582773,,,,,,,,
Morocco,1975,,0,,,,,,,,
Morocco,1977,,0,,,,,,,,
Morocco,1979,,0,,,,,,,,
Morocco,1995,,0.023059016,,,,,,,,
Morocco,1996,,0.12742817,,0,,,,,,
Morocco,1997,,0,,,,,,,,
Morocco,2002,,0.42483416,,,,,,,,
Morocco,2003,,0,,,,,,,,
Morocco,2006,,0,,,,,,,,
Morocco,2008,,0,,,,,,,,
Morocco,2009,,0,,,,,,,,
Morocco,2010,,0.028751208,,,,,,,,
Morocco,2014,,0,,0.25182396,,,,,,
Morocco,2019,,0,,,,,,,,0
Morocco,2021,,0,,,,,,,,
Morocco,2024,,0,,,0,,,,,
Morocco,1960,,,5.8905687,,,,,,,
Morocco,1969,,,0,,,,,,,
Morocco,2004,,,0.60501426,,,,,,,
Morocco,2023,,,4.847071,,,,,,,
Morocco,2005,,,,0.00007261884,,,,,,
Morocco,2012,,,,,0,,,,,
Morocco,2016,,,,,0,,,,,
Morocco,2017,,,,,0,,,,,
Morocco,2018,,,,,0,,,,,
Morocco,1988,,,,,,,,,0,
Morocco,1982,,,,,,,,,,0
Mozambique,1991,0.999753,,,,,,,,,
Mozambique,1992,0.40951058,,,,,,,,,
Mozambique,1998,0,,,,,,,,,0
Mozambique,1999,0,0.19728824,,,,,,,,
Mozambique,2001,0,0.63715076,,,,,,,,
Mozambique,2002,0,0,,0,,,,,,
Mozambique,2003,0,0,,0,,,,,,
Mozambique,2005,0,0,,,,,,,,
Mozambique,2006,0,0,0,,,,,,,
Mozambique,2007,0,1.4660375,,0,,,,,,
Mozambique,2008,0,0.096746676,,0.15479468,,,0,,,
Mozambique,2009,0,0,,0.02446205,,,,,,
Mozambique,2010,0,0,,,,,,,,
Mozambique,2016,0,0,,0.012428483,,,,,,
Mozambique,2017,0,0,,0.12816028,,,,,,
Mozambique,2020,0,0,,,,,,,,
Mozambique,2021,0,0,,0,,,,,,
Mozambique,2022,0,0,,0,,,,,,
Mozambique,2023,0,0,,0,,,,,,
Mozambique,2024,0,,,0,,,,,,
Mozambique,1997,,0,,0.0010259222,,,,,,
Mozambique,2000,,7.068323,,0.016861457,,,,,,
Mozambique,2011,,0,,0,,,,,,
Mozambique,2013,,0.17443815,,,,,,,,
Mozambique,2014,,0,,,,,,,,
Mozambique,2015,,0,,,,,,,,
Mozambique,2018,,0.0339607,,,,,,,,0
Mozambique,2019,,0,,14.375263,,,,,,
Mozambique,1994,,,,0,,,,,,
Mozambique,1996,,,,0.35978845,,,,,,
Mozambique,2012,,,,0,,,,,,
Myanmar,1965,,0,,0.27244014,,,,,,
Myanmar,1970,,0,,,,,,,,
Myanmar,1974,,0,,,,,,,,
Myanmar,1976,,0,,,,,,,,
Myanmar,1977,,0,,,,,,,,
Myanmar,1979,,0,,,,,1.1551406,,,
Myanmar,1991,,3.8573165,0,,,,,,,
Myanmar,1992,,2.2854574,,,,,,,,
Myanmar,1995,,0,0,,,,,,,
Myanmar,1997,,0,,,,,,,,
Myanmar,1999,,0,,,,,,,,
Myanmar,2001,,0,,,,,,,,
Myanmar,2002,,0,,,,,,,,
Myanmar,2006,,0,,0,,,,,,
Myanmar,2007,,0,,,,,,,,
Myanmar,2011,,0.0028344044,0.0060022683,,,,,,,
Myanmar,2012,,0,0.0019520237,,,,,,,
Myanmar,2013,,0,,,,,,,,0
Myanmar,2014,,0,,,,,,,,
Myanmar,2015,,0.19964,,0,,,,,,0
Myanmar,2016,,0.0031596394,0.015798196,0.0072671706,,,,,,0
Myanmar,2017,,0,,0,,,,,,
Myanmar,2018,,0,,,,,,,0,0
Myanmar,2019,,0,,,,,,,,0
Myanmar,2020,,0,,,,,,,,0
Myanmar,2021,,0,,,,,,,,
Myanmar,2023,,0,,3.3554223,,,,,,0
Myanmar,2024,,0,,0.29967695,0,,,,,
Myanmar,2004,,,4.7315536,0.0065106177,,,,,,
Myanmar,1963,,,,0,,,,,,
Myanmar,1967,,,,1.9507134,,,,,,
Myanmar,1968,,,,0.44646356,,,,,,
Myanmar,1975,,,,0,,,,,,
Myanmar,1978,,,,0,,,,,,
Myanmar,1982,,,,0,,,,,,
Myanmar,1994,,,,0.22561868,,,,,,
Myanmar,2008,,,,12.553922,,,,,,
Myanmar,2010,,,,0.11505665,0,,,,,0
Myanmar,1981,,,,,,,0,,,
Myanmar,2005,,,,,,,,,,0
Myanmar,2009,,,,,,,,,,0
Namibia,1982,0,,,,,,,,,
Namibia,1983,0,,,,,,,,,
Namibia,1984,0,,,,,,,,,
Namibia,1991,1.3354579,,,,,,,,,
Namibia,1992,0.29094642,,,,,,,,,
Namibia,1995,0,,,,,,,,,
Namibia,1996,0,,,,,,,,,
Namibia,1998,0.0020211665,,,,,,,,,
Namibia,1999,0.02382592,,,,,,,,,
Namibia,2001,0,,,,,,,,,
Namibia,2002,0,,,,,,,,,
Namibia,2003,0,0,,,,,,,,
Namibia,2013,0.48981476,0,,,,,,,,
Namibia,2014,0.04028893,,,,,,,,,
Namibia,2015,0.42369327,,,,,,,,,
Namibia,2016,0.111673795,,,,,,,,,
Namibia,2018,0,,,,,,,,,
Namibia,2019,0,,,,,,,,,
Namibia,2020,0,0,,,,,,,,
Namibia,2024,0,,,,,,,,,
Namibia,2000,,0,,,,,,,,
Namibia,2004,,0,,,,,,,,
Namibia,2006,,0.1061014,,,,,,,,
Namibia,2007,,0,,,,,,,,
Namibia,2008,,0,,,,,,,,
Namibia,2009,,0,,,,,,,,
Namibia,2010,,0,,,,,,,,
Namibia,2011,,0.09582093,,,,,,,,
Namibia,2012,,0,,,,,,,,
Namibia,2017,,0,,,,,,,,
Namibia,2021,,0,,,,,,,,
Namibia,2023,,0,,,,,,,,
Nepal,1964,0,,,,,,,,,
Nepal,1967,0,,,,,,,,,
Nepal,1972,0.48890215,,,,,,,,,0
Nepal,1973,0.51364595,,,,,,,,,
Nepal,1979,0,,,,,,,,,
Nepal,1980,0,,12.590467,,,,,,,
Nepal,2006,0,0,,,,,,,,0
Nepal,2009,0,0.466745,,,0,,,,,0
Nepal,1968,,0.03884846,,,,,,,,
Nepal,1970,,0,,,,,,,,0
Nepal,1978,,0.031979304,,,,,,,,
Nepal,1981,,0,,,,,,,,
Nepal,1982,,0,,,,,,,,
Nepal,1983,,0.40863448,,,,,,,,0
Nepal,1984,,0,,,,,,,,
Nepal,1985,,0,,,,,,,,
Nepal,1986,,0,,0,,,,,,
Nepal,1987,,3.2290075,,,,,,,,
Nepal,1988,,0,1.720672,0,,,,,,0
Nepal,1990,,0,,,,,,,,
Nepal,1991,,0,,0,,,,,,
Nepal,1993,,5.464419,0,,,,,,,0
Nepal,1995,,0.027265884,,,,,,,,0
Nepal,1996,,0,,0,,,,,,
Nepal,1998,,0.55598396,,,,,,,,
Nepal,1999,,0.03973266,,,,,0,,,
Nepal,2000,,0.114665285,,,,,,,,
Nepal,2003,,0,,,0,,,,,
Nepal,2004,,0,,,0,,,,,
Nepal,2005,,0,,,,,,,,0
Nepal,2007,,0.02324316,,,,,,,,
Nepal,2008,,0.00023115972,,,,,,,,
Nepal,2010,,0,,,0,,,,,
Nepal,2011,,0,0,,0.0005701341,,,,,0
Nepal,2012,,0.0046076365,,,0,,,,,0
Nepal,2013,,0,,,0,,,,,
Nepal,2014,,0,,0,,,,,,0.0659874
Nepal,2016,,0.0611643,,,,,0,,,
Nepal,2017,,2.0537362,,,,,,,,0
Nepal,2018,,0,,,0,,,,,
Nepal,2019,,0.5967324,,0,,,,,,
Nepal,2020,,0.29909977,,,,,,,,
Nepal,2021,,0,,,,,,,,
Nepal,2022,,0,0,0,,,,,,0
Nepal,2023,,0,0.24361858,,,,,,,
Nepal,2024,,0.78771704,,,,,,0,,0
Nepal,1966,,,0.110276446,,,,,,,
Nepal,2015,,,21.239038,,,,,,,0
Nepal,2002,,,,,0,,,,,0
Nepal,1992,,,,,,,0.18228798,,,
Nepal,1963,,,,,,,,,0,
Nepal,1975,,,,,,,,,,0
Nepal,1976,,,,,,,,,,0
Nepal,1989,,,,,,,,,,0
Nepal,1997,,,,,,,,,,0
Nepal,2001,,,,,,,,,,0
Netherlands,1992,,0.007592909,0,,,,,,,
Netherlands,1993,,0.014968771,,,,,,,,
Netherlands,1998,,0.12083558,,0.000022799166,,,,,,
Netherlands,2021,,0,,0,,,,,,
Netherlands,1972,,,,0,,,,,,
Netherlands,1976,,,,0,,,,,,
Netherlands,1984,,,,0,,,,,,
Netherlands,1985,,,,0,,,,,,
Netherlands,1986,,,,0,,,,,,
Netherlands,1990,,,,0.54893523,,,,,,
Netherlands,1994,,,,0.00052674796,,,,,,
Netherlands,1995,,,,0.26050442,,,,,,
Netherlands,1997,,,,0,,,,,,
Netherlands,2002,,,,0.06308751,,,,,,
Netherlands,2005,,,,0,0.014532059,,,,,
Netherlands,2007,,,,0.06444058,,,,,,
Netherlands,2008,,,,0,,,,,,
Netherlands,2010,,,,0.0032845924,,,,,,
Netherlands,2013,,,,0.0011312837,,,,,,
Netherlands,2016,,,,0.105875336,,,,,,
Netherlands,2018,,,,0.01183253,0,,,,,
Netherlands,2022,,,,0.054314174,0,,,,,
Netherlands,2023,,,,0,0,,,,,
Netherlands,2024,,,,0.004073174,0,,,,,
Netherlands,2003,,,,,0,,,,,
Netherlands,2006,,,,,0,,,,,
Netherlands,2012,,,,,0,,,,,
Netherlands,2019,,,,,0,,,,,
Netherlands,2020,,,,,0,,,,,
New Caledonia,1968,,,,0,,,,,,
New Caledonia,1969,,,,1.1402125,,,,,,
New Caledonia,1972,,,,0,,,,,,
New Caledonia,1975,,,,0,,,,,,
New Caledonia,1976,,,,0,,,,,,
New Caledonia,1981,,,,0.020564197,,,,,,
New Caledonia,1999,,,,0,,,,,,
New Caledonia,2003,,,,0.8137766,,,,,,
New Caledonia,2021,,,,0,,,,,,
New Zealand,1994,0.18078366,0,,,,,,,,
New Zealand,2013,0.43086216,,0.026176317,0.010470526,,,,,,
New Zealand,1976,,0,0,,,,,,,
New Zealand,1977,,0,,,,,,,,
New Zealand,1978,,0,,,,,,,,
New Zealand,1980,,0,,,,,,,,
New Zealand,1981,,0,,,,,,,,
New Zealand,1983,,0,,,,,,,,
New Zealand,1984,,0.09231064,,,,,,,,
New Zealand,1985,,0,,,,,,,,
New Zealand,1986,,0.064696014,,,,,,,,
New Zealand,1987,,0,0.5201064,,,,0,,,
New Zealand,1988,,0,,0,,,,,,
New Zealand,1989,,0,,,,,,,,
New Zealand,1991,,0,,,,,,,,
New Zealand,1997,,0,,0,,,,,,
New Zealand,1998,,0.13338748,,,,,,,,
New Zealand,1999,,0,,,,,,,,
New Zealand,2000,,0.0019002996,,0,,,,,,
New Zealand,2002,,0.0007504383,,,,,,,,
New Zealand,2004,,0.23579183,,,,,,,,
New Zealand,2005,,0.06276143,,0.008716866,,,,,,
New Zealand,2006,,0.0026896468,,,,,,,,
New Zealand,2015,,0.1520557,,,,,,,,
New Zealand,2016,,0.013220512,2.0623999,,,,,,,
New Zealand,2017,,0.03434166,,0.009673707,,,,,,
New Zealand,2018,,0.011793252,,,,,,,,
New Zealand,2020,,0.046941843,,,,,0.0046941843,,,
New Zealand,2021,,0.09725255,,0.01181205,,,,,,
New Zealand,2023,,0.7445288,,1.0972003,,,,,,
New Zealand,1968,,,0.051051583,0,,,,,,
New Zealand,2010,,,4.4251432,,,,,,,
New Zealand,2011,,,10.68345,,,,,,,
New Zealand,1992,,,,0.12364996,,,,,,
New Zealand,1996,,,,0,,,,,,
New Zealand,2003,,,,0.0033993993,,,,,,
New Zealand,2007,,,,0,,,,,,
New Zealand,2012,,,,0.0051540346,,,,,,
New Zealand,2022,,,,0,,,,,,
New Zealand,2024,,,,0,,,,,,
New Zealand,2001,,,,,0.37124744,,,,,
New Zealand,1995,,,,,,0,,,,
New Zealand,2019,,,,,,0,,,,
New Zealand,1979,,,,,,,,,,0.011895089
Nicaragua,1994,0.41416603,,,,,,,,,
Nicaragua,1997,0.045558363,,,,,,,,,
Nicaragua,2000,0,0,0,0.019571053,,,,,,
Nicaragua,2001,0,,,0.01868547,,,,,,
Nicaragua,2014,0,0,0.025251592,,,,,,,
Nicaragua,2015,0,0,,,,,,,,
Nicaragua,2018,0,0,,,,,,,,
Nicaragua,2019,0,,,,,,,,,
Nicaragua,1960,,0,,,,,,,,
Nicaragua,1968,,0.21649396,0.28865862,,,,,,,
Nicaragua,1976,,0,,,,,,,,
Nicaragua,1979,,0,,,,,,,,
Nicaragua,1980,,0,,,,,,,,
Nicaragua,1990,,0,0,,,,,,,
Nicaragua,1999,,0.010296484,,,,0,0,,,
Nicaragua,2002,,0.00095717097,,0.01914342,,,0,,,
Nicaragua,2007,,0,,0,,,,,,
Nicaragua,2008,,0,,0,,,,,,
Nicaragua,2009,,0,,0,,,,,,
Nicaragua,2010,,0,,0,,,,,,
Nicaragua,2011,,0,,,,,,,,
Nicaragua,2012,,0,,,,,,,,
Nicaragua,2013,,0,,,,,,,,
Nicaragua,2017,,0,,0,,,,,,
Nicaragua,1972,,,96.179016,,,,,,,
Nicaragua,1992,,,1.3944668,,,0,,,,
Nicaragua,1998,,,0,21.308002,,,,,,
Nicaragua,1961,,,,0.12287818,,,,,,
Nicaragua,1971,,,,0.04586215,,0.24137974,,,,
Nicaragua,1982,,,,14.503973,,,,,,
Nicaragua,1988,,,,15.203922,,,,,,
Nicaragua,1993,,,,0,,,,,,
Nicaragua,1995,,,,0,,0.017437633,,,,
Nicaragua,1996,,,,0.23442839,,,,,,
Nicaragua,2004,,,,0,,,,,,0
Nicaragua,2005,,,,0,,,,,,
Nicaragua,2016,,,,0,,,,,,
Nicaragua,2020,,,,7.2211967,,,,,,
Nicaragua,2022,,,,1.1512947,,,,,,
Nicaragua,2024,,,,0,,,,,,
Nicaragua,1991,,,,,,,5.3734403,,,
Niger,1966,0,,,,,,,,,
Niger,1967,0,,,,,,,,,
Niger,1980,0,,,,,,,,,
Niger,1981,0,,,,,,,,,
Niger,1982,0,,,,,,,,,
Niger,1983,0,,,,,,,,,
Niger,1984,0,,,,,,,,,
Niger,1985,0,,,,,,,,,
Niger,1988,0,0.44729856,,,,,,,,
Niger,1990,0,,,,,,,,,
Niger,1991,0,,,,,,,,,
Niger,1997,0,,,,,,,,,
Niger,1998,0,0,,,,,,,,
Niger,2001,0,0,,,,,,,,
Niger,2002,0,,,0,,,,,,
Niger,2005,0,,,,,,,,,
Niger,2006,0,0,,,,,,,,
Niger,2009,0,0,,,,,,,,
Niger,2010,0,0,,,,,,,,
Niger,2011,0,0,,,,,,,,
Niger,2012,0,1.9530785,,,,,,,,
Niger,2015,0,0,,,,,,,,
Niger,2016,0,0,,,,,,,,
Niger,2017,0,0.08940462,,,,,,,,
Niger,2020,0,0.07275557,,,,,,,,
Niger,2022,0,0,,,,,,,,
Niger,1974,,0.097452864,,,,,,,,
Niger,1994,,0,,,,,,,,
Niger,1999,,0,,,,,,,,
Niger,2000,,0,,,,,,,,
Niger,2003,,0,,,,,,,,
Niger,2007,,0,,,,,,,,
Niger,2008,,0,,,,,,,,
Niger,2013,,0.6330039,,,,,,,,
Niger,2014,,0.018411215,,,,,,,,
Niger,2018,,0,,,,,,,,
Niger,2019,,0,,,,,,,,
Niger,2021,,0,,,,,,,,
Niger,2023,,0,,,,,,,,
Niger,2024,,1.1516232,,,,,,,,
Nigeria,1983,0.016583392,,,,,,,,,
Nigeria,1984,0.037372664,,,,,,,,,
Nigeria,1985,0.03734219,0.010848072,,,,,,,,
Nigeria,2022,0,0.87975913,,0,,,,,,
Nigeria,1988,,0,,,,,,,,0
Nigeria,1994,,0.08271184,,,,,,,,
Nigeria,1998,,0,,,,,,,,
Nigeria,1999,,0,,0,,,,,,
Nigeria,2000,,0.009693305,,0,,,,,,0
Nigeria,2001,,0.004078423,,,,,,,,
Nigeria,2002,,0,,,0,,,,,
Nigeria,2003,,0.0024537193,,,,,,,,
Nigeria,2004,,0,,,,,,,,
Nigeria,2005,,0.000083679355,,,,,,,,
Nigeria,2006,,0,,,,,,,,
Nigeria,2007,,0,,,,,,,,
Nigeria,2009,,0,,,,,,,,
Nigeria,2010,,0.0081746,,,,,,,,
Nigeria,2011,,0.0010857326,,0,,,,,,
Nigeria,2012,,0.107765354,,0.0002155307,,,,,,
Nigeria,2013,,0,,,,,,,,
Nigeria,2014,,0,,,,,,,,
Nigeria,2015,,0.0050707194,,,,,,,,
Nigeria,2016,,0,,0,,,,,,
Nigeria,2017,,0,,,,,,,,
Nigeria,2018,,0.06520617,,,,,,,,
Nigeria,2019,,0,,,,,,,,
Nigeria,2020,,0.023137495,,,,,,,,
Nigeria,2021,,0,,,,,,,,
Nigeria,2023,,0,,,,,,,,
Nigeria,2024,,0.11983402,,0,,,,,,
Nigeria,1978,,,,0,,,,,,
Nigeria,1992,,,,,0,,,,,
North Macedonia,1993,0,,,,,,,,,
North Macedonia,1995,,5.204968,,,,,,,,
North Macedonia,2002,,0,,,,,,,,
North Macedonia,2003,,0,,,,,,,,
North Macedonia,2004,,0.063349225,,,0,,,,,
North Macedonia,2005,,0,,0,,,,,,
North Macedonia,2006,,0,,,,,,,,
North Macedonia,2013,,0,,,,,,,,
North Macedonia,2015,,0.86442274,,,0,,,,,
North Macedonia,2016,,0.46849525,0.093699045,,,,,,,
North Macedonia,2001,,,,,0,,,,,
North Macedonia,2007,,,,,0,,0,,,
North Macedonia,2012,,,,,0,,,,,
North Macedonia,2014,,,,,0,,,,,
North Macedonia,2017,,,,,0,,,,,
North Macedonia,2000,,,,,,,0.35948864,,,
North Macedonia,2021,,,,,,,0,,,
Northern Mariana Islands,2002,,,,0,,,,,,
Northern Mariana Islands,2004,,,,0,,,,,,
Northern Mariana Islands,2015,,,,0,,,,,,
Northern Mariana Islands,2018,,,,0,,,,,,
Northern Mariana Islands,2003,,,,,,0,,,,
Norway,1995,,0.19732998,,,,,,,,
Norway,2000,,0,,,,,,,,
Norway,2001,,0,,,,,,,,
Norway,2006,,0,,,,,,,,
Norway,2013,,0,,,,,,,,
Norway,1990,,,,0.10852158,,,,,,
Norway,1992,,,,0,,,,,,
Norway,1993,,,,0.002487991,,,,,,
Norway,2005,,,,0.041938383,,,,,,
Norway,2008,,,,0,,,,,,
Norway,2011,,,,0,,,,,,
Norway,2022,,,,0,0,,,,,
Norway,2023,,,,,0,,,,,
Norway,2024,,,,,0,,,,,
Norway,2019,,,,,,,,,,0
Norway,2020,,,,,,,,,,0.035361312
Oman,2016,,0,,,,,,,,
Oman,2017,,0,,,,,,,,
Oman,2019,,0,,,,,,,,
Oman,2020,,0,,,,,,,,
Oman,2024,,0,,,,,,,,
Oman,1977,,,,0,,,,,,
Oman,1981,,,,0,,,,,,
Oman,2003,,,,0.00404307,,,,,,
Oman,2007,,,,8.074469,,,,,,
Oman,2010,,,,1.5386155,,,,,,
Oman,2011,,,,0,,,,,,
Oman,2015,,,,0.2807747,,,,,,
Oman,2018,,,,0,,,,,,
Oman,2021,,,,0.091613054,,,,,,
Pakistan,1999,0.015719974,0,,0.017365936,0,,,,,
Pakistan,2000,0.059541315,,,,0,,,,,
Pakistan,2001,0.06097502,0.2532281,0.00051469123,0,,,,,,0
Pakistan,2002,0.06049077,0.00003063622,0,0,0,,,,,
Pakistan,2003,0.05285738,0,,0,0,,,,,0
Pakistan,2019,0,0,0.0052974443,0,,,,,,
Pakistan,1964,,0.009606229,,0.07877108,,,,,,
Pakistan,1967,,0.03751083,,,,,,,,
Pakistan,1973,,10.362769,,,,,,,,
Pakistan,1976,,3.835031,,,,,,,,
Pakistan,1977,,0,,,,,,,,
Pakistan,1978,,0,,,,,,,,
Pakistan,1979,,0,,,0,,,,,
Pakistan,1980,,0,,0,,,,,,
Pakistan,1981,,0,0.01779321,0,,,,,,
Pakistan,1982,,0,,,,,,,,
Pakistan,1983,,0,,,,,,,,0
Pakistan,1984,,0,0,,,,,,,
Pakistan,1988,,0,,0,,,,,0,
Pakistan,1989,,0,,,,,,,,
Pakistan,1991,,0,0.021917647,,0,,,,,0
Pakistan,1992,,2.0461016,0,,,,,,,0
Pakistan,1993,,0,,0,,,,,,0
Pakistan,1994,,0.17593019,,0,,,,,,
Pakistan,1995,,0,,,,,,,,
Pakistan,1996,,0,,,0,,,,,0
Pakistan,1997,,0,0,0,0,,,,,
Pakistan,1998,,0,0,0,,,,,,0
Pakistan,2004,,0,0,,,,,,,
Pakistan,2005,,0.020659938,3.581056,0,0,,,,,0
Pakistan,2006,,0,,,0,,,,,0
Pakistan,2007,,0.17764552,,0.8797612,,,,,,0
Pakistan,2008,,0.050938718,0.004945507,,,,,,,
Pakistan,2009,,0,,,,,,,,
Pakistan,2010,,4.829454,,0.040669084,,,,,,0.009150544
Pakistan,2011,,1.0841914,0,,,,,,,
Pakistan,2012,,0.99957234,,,,,,,,0
Pakistan,2013,,0.5799181,0.038661204,,,,,,,
Pakistan,2014,,0.73694557,,0,0.0066325096,,,,,
Pakistan,2015,,0.00033337378,0,,0,,,,0,
Pakistan,2016,,0.0006376941,0,0,,,,,,
Pakistan,2017,,0.032428715,,0,,,,,,0
Pakistan,2018,,0,,,0,,,,,
Pakistan,2020,,0.49929166,,0,,,,,,0
Pakistan,2021,,0.0028693033,0,0,,,,,,
Pakistan,2022,,4.0011706,0,0,0,,0,,,
Pakistan,2023,,0,0,0,0,,,,,0
Pakistan,2024,,0,,0,0,,,,,
Pakistan,1972,,,0,,,,,,,
Pakistan,1974,,,0.036576353,,,,,,,
Pakistan,1985,,,0.006421593,,,,,,,
Pakistan,1986,,,0,0,,,,,,
Pakistan,1990,,,0.0024993487,,0,,,,,
Pakistan,1965,,,,0,,,,,,
Pakistan,1975,,,,,0,,,,,
Palau,2015,0,,,,,,,,,
Palau,2016,0,,,,,,,,,
Palau,2012,,,,0,,,,,,
Palau,2013,,,,0,,,,,,
Palau,2021,,,,0,,,,,,
Palestine,2010,,0,,,,,,,,
Palestine,2012,,0,,,,,,,,
Palestine,2013,,0,,0,,,,,,
Palestine,2015,,,,0,,,,,,
Palestine,2020,,,,,0,,,,,
Palestine,2022,,,,,0,,,,,
Panama,1983,0,,,,,,,,,
Panama,2013,0.42598966,,,,,,,,,
Panama,2015,0,0,,,,,,,,
Panama,2018,0.07529243,,,,,,,,,
Panama,2019,0.030547576,,,,,,,,,
Panama,1966,,0.10766198,,,,,,,,
Panama,1970,,1.1102834,,,,,,,,
Panama,1972,,0.002987908,,,,,,,,
Panama,1973,,0,,,,,,,,
Panama,1978,,0,,,,,,,,
Panama,1984,,0,,,,,,,,
Panama,1986,,0.0051486986,,,,,,,,
Panama,1991,,0,0,,,,,,,
Panama,1995,,0.07311611,,,,,,,,
Panama,1999,,0,,,,,,,,
Panama,2000,,0.010863664,,,,,,,,
Panama,2001,,0,,,,,,,,
Panama,2002,,0.0039059902,,,,,,,,
Panama,2003,,0,0,,,,,,,
Panama,2004,,0,,,,,,,,
Panama,2005,,0.042108033,,,,,,,,
Panama,2006,,0,,,,,0,,,
Panama,2007,,0,,,,,,,,
Panama,2008,,0.03887824,,,,,,,,
Panama,2009,,0,,,,,,,,
Panama,2010,,0,,,,,,,,
Panama,2011,,0,,,,,,,,
Panama,2012,,0.0048082196,,,,,,,,
Panama,2014,,0,,,,,,,,
Panama,2020,,0,,0.019278005,,,,,,
Panama,2021,,0,,,,,,,,
Panama,2022,,0,,,,,,,,
Panama,1964,,,,0.038652945,,,,,,
Panama,1988,,,,1.0164696,,,,,,
Panama,1992,,,,0.12434196,,,,,,
Panama,1998,,,,0.00045373873,,,,,,
Panama,2016,,,,0,,,,,,
Panama,2017,,,,0,,,,,,
Panama,2024,,,,0.12752086,,,,,,
Papua New Guinea,1980,0,,,,,,,,,
Papua New Guinea,1981,0,,,,,,,,,
Papua New Guinea,1997,0,,,0,,,0,,,
Papua New Guinea,1998,0,,0,,,,,,,
Papua New Guinea,2015,0.2761994,0,,0,,,,,,
Papua New Guinea,1983,,0.46441716,0.9756663,,,0,,,,
Papua New Guinea,1992,,0,,,,0,,,,
Papua New Guinea,1993,,0.050255798,0.100511596,0.03015348,,,,,,
Papua New Guinea,1999,,1.243242,,,,,,,,
Papua New Guinea,2004,,0,,,,0,,,,
Papua New Guinea,2005,,0,0,,,0,,,,
Papua New Guinea,2006,,0,,,,0,,,,0
Papua New Guinea,2008,,0,,,,,,,0,
Papua New Guinea,2012,,0.12678932,,,,,,,,0
Papua New Guinea,2013,,0,,,,,,,,
Papua New Guinea,2014,,0,,0,,0,,,,
Papua New Guinea,2016,,0,,,,,,,,
Papua New Guinea,2019,,0,0,,,0,,,,0
Papua New Guinea,2020,,0,,,,,,,,0
Papua New Guinea,1970,,,0.27107903,,,,,,,
Papua New Guinea,1985,,,0.041265376,,,,,,,
Papua New Guinea,1986,,,0.018882206,,,,,,,
Papua New Guinea,1987,,,0.0834963,,,,,,,
Papua New Guinea,1990,,,0,,,,,,,
Papua New Guinea,2000,,,0,,,,,,,
Papua New Guinea,2001,,,0,,,,,,,
Papua New Guinea,2002,,,0,,,0,,,,0
Papua New Guinea,2018,,,0.25300935,,,0,,,,
Papua New Guinea,2022,,,0,,,,,,,
Papua New Guinea,2023,,,0,,,,,,,
Papua New Guinea,2024,,,0,,,,,,,0.18439706
Papua New Guinea,1972,,,,0,,,,,,
Papua New Guinea,2007,,,,0,,,,,,
Papua New Guinea,2011,,,,0,,,,,,
Papua New Guinea,1960,,,,,,0,,,,
Papua New Guinea,1994,,,,,,1.9989874,,,,
Papua New Guinea,1996,,,,,,0,,,,0
Papua New Guinea,1988,,,,,,,,,0,
Papua New Guinea,1971,,,,,,,,,,0
Papua New Guinea,1979,,,,,,,,,,0
Papua New Guinea,1991,,,,,,,,,,0
Papua New Guinea,2003,,,,,,,,,,0
Papua New Guinea,2009,,,,,,,,,,0
Paraguay,1963,0,,,,,,,,,
Paraguay,1964,0,,,,,,,,,
Paraguay,1999,0,,,,,,,,,
Paraguay,2000,0,,,,0,,,,,
Paraguay,2001,0,,,,,,,,,
Paraguay,2002,0,0,,0,,,,,,
Paraguay,2005,0,,,,,,,,,
Paraguay,2008,0,,,0,,,,,,
Paraguay,2009,0,0.0036680584,,0,,,,,,
Paraguay,2012,0,0.012022149,,0.0060110744,,,,,,
Paraguay,2013,0,0,,0.06493317,,,,,,
Paraguay,2014,0,0,,,,,,,,
Paraguay,2016,0,0,,,,,,,,
Paraguay,1965,,0.45086953,,,,,,,,
Paraguay,1966,,0.21464345,,,,,,,,
Paraguay,1971,,0.0075236456,,,,,,,,
Paraguay,1979,,0,,,,,,,,
Paraguay,1982,,0,,,,,,,,
Paraguay,1983,,1.44538,,,,,,,,
Paraguay,1988,,0,,,,,,,,
Paraguay,1990,,0,,,,,,,,
Paraguay,1992,,0,,,,,,,,
Paraguay,1995,,0,,,,,,,,
Paraguay,1997,,0.016928868,,0,,,,,,
Paraguay,1998,,0.05399287,,,,,,,,
Paraguay,2015,,0,,0,,,,,,
Paraguay,2018,,0,,,,,,,,
Paraguay,2019,,0,,,,,0,,,
Paraguay,2021,,0,,,,,,,,
Paraguay,2023,,0,,,,,,,,
Paraguay,2011,,,,0,,,,,,
Paraguay,2004,,,,,0,,,,,
Paraguay,2010,,,,,0,,,,,
Paraguay,2007,,,,,,,0.16800705,,,
Peru,1966,0,,0.24553742,,,,,,,
Peru,1969,0.15574117,,0.077870585,,,,,,,
Peru,1983,0.875167,,0.0028826317,,0,,,,,5.7006927
Peru,1990,0.13631001,0,0.003786389,,,0,,,,0
Peru,1992,0.69509506,0,,,,,,,,
Peru,2002,0,0,,0,,,,,,
Peru,2004,0,0,,,0,,,,,0
Peru,2006,0,0,,,,0,,,,
Peru,1965,,0,,,,,,,,
Peru,1967,,0.24215655,,,,,,,,
Peru,1970,,0.06996561,7.1580195,,,,,,,
Peru,1971,,0.0072379997,,,,,,,,0
Peru,1977,,0.0068752556,,,,,,,,
Peru,1978,,0.016010404,,,,,,,,
Peru,1980,,0,0.00551364,,,,,,,
Peru,1981,,0.02771591,0,,,,,,,0
Peru,1982,,0,0.02294153,,,,,,,0
Peru,1986,,0.005489617,0.10064298,,,,,,,0
Peru,1987,,0,,,,,,,,0
Peru,1988,,0,,,,,,,,0
Peru,1989,,0,,,,,,,,
Peru,1993,,0,0,,,,,,,
Peru,1994,,0.11140304,,,,,,,,
Peru,1999,,0,0.0021917885,,,,,,,0
Peru,2000,,0,,,,,,,,0
Peru,2001,,0,0.5765887,,,,,,,0
Peru,2003,,0,,,0,,,,,
Peru,2007,,0,0.5872509,,0,,,,,
Peru,2008,,0,,,,,,,,
Peru,2009,,0,,,0,,,,,0
Peru,2010,,0,,,0,,,,,0
Peru,2011,,0,0,0,0,,,,,
Peru,2012,,0,0,,0,,,,,0
Peru,2013,,0,0,,0,0,,,,
Peru,2014,,0,0,,0,0,,,,
Peru,2015,,0,,,0.04952504,,,,,
Peru,2016,,0.0010422198,0,,,,,,,
Peru,2017,,1.5165303,,,,,,,,
Peru,2019,,0,0,,,0,0,,,0
Peru,2020,,0.0049650045,,,,,,,,0
Peru,2021,,0.011045878,0,,,,,,,
Peru,2022,,0,0,,,0,,,,0
Peru,2023,,0.11424987,0,0.26408577,,,,,,0
Peru,2024,,0,0,0,,,0.06569349,,,
Peru,1960,,,0,,,,,,,
Peru,1968,,,0.0017433497,,,,,,,
Peru,1972,,,0.21764174,,,,,,,
Peru,1974,,,0.07215819,,,,,,,0.15658326
Peru,1979,,,0,,,,,,,
Peru,1985,,,0,,,,,,0,0
Peru,1991,,,0,,0,,,,,
Peru,1996,,,0,,,,,,,
Peru,2005,,,0.000065737055,,,,,,,
Peru,2018,,,0,,,,,,,
Peru,1962,,,,0,,,,,6.0895367,0
Peru,1997,,,,0.0016846651,,,0,,,0
Peru,1998,,,,0.019856067,,,,,,0
Peru,1973,,,,,,,,,,0
Peru,1984,,,,,,,,,,0.017045068
Peru,1995,,,,,,,,,,0
Philippines,1978,0,0,,0.73784,,0,,,,0
Philippines,1980,0,0,,0.32129487,,,,,0,
Philippines,1983,0,0.000007945087,0.0058979033,0.011440926,,,,,,
Philippines,1987,0,,,0.5125493,,,,,,
Philippines,1990,0.0064500286,0.00008513455,0.733543,0.7691807,,,,,,
Philippines,1991,0.07407279,0.002510421,,0.53105056,,0.40746063,,,,
Philippines,1992,0.037046302,0.12280229,,0,,0,,,,
Philippines,1998,0,,,0.316055,,,0,,,
Philippines,2002,0.00053731975,0.002184863,0.0020330376,0.016053168,,,,,,
Philippines,2007,0,0.0042313007,,0.0063822116,,0,,,,
Philippines,2015,0.015378868,0.00006526438,,0.61393124,,,,,,
Philippines,2016,0.011697405,0.0029250502,0,0.053590562,,,,,,
Philippines,2019,0.006793633,0,0.014664164,0.14285551,,,,,,
Philippines,1968,,0,0.057918977,0.11120444,,0.057918977,,,,
Philippines,1972,,2.4261632,,0.5293447,,,,,,
Philippines,1973,,0.004319844,0.0039430624,0.061336525,,,,,,
Philippines,1974,,0.114044935,,0.35430816,,,,,,
Philippines,1975,,0,,0.012805743,,,,,,
Philippines,1976,,0.008012979,0.69139683,0.9206207,,0.0035034213,,,,
Philippines,1977,,0.008584978,0.00044877038,0.01985809,,,,,,
Philippines,1979,,0.022368293,,0.08472595,,,,,,
Philippines,1981,,0.066667676,,0.22317374,,,,,,0
Philippines,1982,,0.00014215984,,0.28101447,,,,,,
Philippines,1985,,0,0,0.23749848,,,,,0,
Philippines,1986,,0.00016476787,,0.25438982,,,,,,
Philippines,1989,,0.012367622,,0.35265243,,,,,,0
Philippines,1993,,0.063833356,,0.47946268,,0.0007866333,,,,0
Philippines,1994,,0.005661615,0.005057454,0.19247441,,,,,,0.032805108
Philippines,1995,,0.82810277,0,0.37509188,,0,,,,
Philippines,1996,,0,,0.04453339,,,,,,0
Philippines,1997,,0.000080759724,,0.007969709,,,,,,
Philippines,1999,,0.028024232,0.0020948113,0.06595853,,,,,,0
Philippines,2000,,0.004876312,,0.09975405,,0.0026461163,,,0,0
Philippines,2001,,0.010136689,,0.12551881,,0.0032690822,,,,
Philippines,2003,,0,,0.040558785,,,,,,0.005227536
Philippines,2004,,0,,0.14617272,,,,,,0.002578893
Philippines,2005,,0.00047942664,,0.0018618511,,,,,,
Philippines,2006,,0.011090227,,0.25923496,,0,,,,0.0017257732
Philippines,2008,,0.021790547,,0.2431526,,,,,,0
Philippines,2009,,0.016658071,0.0000511437,0.5300209,,0,,,,0
Philippines,2010,,0.007041154,,0.1364983,,0,,,,0.000037433612
Philippines,2011,,0.10191604,0,0.2251069,,0,,,,0
Philippines,2012,,0.02876063,0.0046365205,0.35054028,,,,,,0
Philippines,2013,,0.78716654,0.018125568,3.5704339,,,,,,
Philippines,2014,,0.00026589705,,0.35729674,,0,,,,
Philippines,2017,,0.002465898,0.006191535,0.04042122,,,,,,
Philippines,2018,,0,,0.16322942,,0.0010275575,,,,
Philippines,2021,,0.0063437712,,0.26015425,,0,,,,
Philippines,2022,,0.0027203928,0.037689805,0.040081527,,0,,,,0
Philippines,2023,,0.0097312555,0.011006608,0.07264979,,0,,,,
Philippines,2024,,0.0064988867,0,0.16637151,0,0,,,,0.024936229
Philippines,1960,,,0,0.45237467,,,,,,0
Philippines,1970,,,0,3.4183762,,,,,,
Philippines,2020,,,0.0006910828,0.28886545,,0.018244587,,,,0
Philippines,1962,,,,0,,,,,,
Philippines,1963,,,,0,,,,,,
Philippines,1964,,,,0.7222331,,,,,,
Philippines,1965,,,,0,,0.1534366,,,,
Philippines,1966,,,,0.013910105,,,,,,
Philippines,1967,,,,0.34304768,,,,,,
Philippines,1969,,,,0,,0,,,,
Philippines,1971,,,,0.015402846,,,,,,
Philippines,1984,,,,0.94175273,,0,,,,
Philippines,1988,,,,0.9339423,,,,,,0
Poland,2018,0,,,,0,,,,,
Poland,1997,,2.1889508,,,0,,,,,
Poland,1998,,0,,,0,,,,,
Poland,2001,,0.36491936,,,0,,,,,
Poland,2004,,0,,,,,,,,
Poland,2005,,0,,0,0,,,,,
Poland,2006,,0,,,0,,,,,
Poland,2009,,0.022681318,,0,0,,,,,
Poland,2010,,0.64420104,,,0,,,,,
Poland,2016,,0,,,0,,,,,
Poland,2020,,0,,0,,,,,,
Poland,2021,,0,,0,,,,,,
Poland,1990,,,,0.075783126,,,,,,
Poland,1994,,,,0.00090249744,,,,,,
Poland,1999,,,,0.005858078,0,,,,,
Poland,2002,,,,0.00007511475,0,,,,,
Poland,2007,,,,0.023271231,,,,,,
Poland,2008,,,,0.009335116,0,,,,,
Poland,2012,,,,0.0011843854,0,,,,,
Poland,2013,,,,0,0,,,,,
Poland,2015,,,,0,0,,,,,
Poland,2017,,,,0.05204817,,,,,,
Poland,2019,,,,0,,,,,,
Poland,2022,,,,0,0,,,,,
Poland,2024,,,,0.017138146,0,,,,,
Poland,2000,,,,,0,,,,,
Poland,2003,,,,,0,,,,,
Poland,2011,,,,,0,,,,,
Poland,2014,,,,,0,,,,,
Poland,2023,,,,,0,,,,,
Poland,1992,,,,,,,0,,,
Portugal,1983,0.3487563,0.3487563,,,,,0,,,
Portugal,1997,0.008545801,,,0.021364503,,,,,,0.013929655
Portugal,2004,0.1770077,,,,,,0,,,
Portugal,2005,0.50843877,,,,0,,0.83648545,,,
Portugal,2022,0,,,,0,,0,,,
Portugal,2023,0,,,,0,,0,,,
Portugal,1967,,0.049978286,,,,,,,,
Portugal,1979,,0.12057325,,,,,,,,
Portugal,1981,,0,,,,,,,,
Portugal,1996,,0.010600987,,0.053820398,,,,,,
Portugal,2001,,0,,,,,0,,,
Portugal,2002,,0,,,,,,,,
Portugal,2003,,0,,,0,,1.0470496,,,
Portugal,2006,,0,,,0,,,,,
Portugal,2008,,0,,,,,,,,
Portugal,2010,,0.566171,,0.1132342,0,,,,,
Portugal,1964,,,0,,,,,,,
Portugal,1969,,,0,,,,,,,
Portugal,1980,,,0.015199176,,,,,,,
Portugal,1998,,,0.05808966,,,,,,,
Portugal,1973,,,,0,,,,,,
Portugal,1989,,,,0,,,,,,
Portugal,2000,,,,0,,,,,,
Portugal,2013,,,,0,,,0,,,
Portugal,2014,,,,0,,,,,,
Portugal,2018,,,,0.04770896,0,,0,,,
Portugal,2019,,,,0,,,,,,
Portugal,2009,,,,,0,,,,,
Portugal,2024,,,,,0,,0.16845743,,,
Portugal,1966,,,,,,,0,,,
Portugal,1985,,,,,,,0.35034913,,,
Portugal,1986,,,,,,,0,,,
Portugal,1991,,,,,,,0,,,
Portugal,2016,,,,,,,0.07610076,,,
Portugal,2017,,,,,,,0.3314272,,,
Puerto Rico,1994,0.0050389725,,,,,,,,,
Puerto Rico,1970,,0,,,,,,,,
Puerto Rico,1985,,0,,,,,,,,0
Puerto Rico,1992,,0.57752675,,,,,,,,
Puerto Rico,2001,,0.21095705,,,,,,,,
Puerto Rico,2003,,0,,0,,,,,,
Puerto Rico,2004,,0,,0.124498405,,,,,,
Puerto Rico,2014,,0,,,,,,,,
Puerto Rico,2018,,0,,0,,,,,,
Puerto Rico,2022,,0.014932754,,2.1959932,,,,,,
Puerto Rico,2020,,,0.92115945,0.05798456,,,,,,
Puerto Rico,1960,,,,0,,,,,,
Puerto Rico,1975,,,,0,,,,,,
Puerto Rico,1979,,,,0,,,,,,
Puerto Rico,1989,,,,0,,,,,,
Puerto Rico,1995,,,,0.70344377,,,,,,
Puerto Rico,1996,,,,1.1027586,,,,,,
Puerto Rico,1998,,,,3.2355638,,,,,,
Puerto Rico,1999,,,,0.2593316,,,,,,
Puerto Rico,2007,,,,0,,,,,,
Puerto Rico,2011,,,,0.49824765,,,,,,
Puerto Rico,2012,,,,0,,,,,,
Puerto Rico,2017,,,,65.73508,,,,,,
Puerto Rico,1981,,,,,,,,,,0
Qatar,2018,,0.0054544974,,,,,,,,
Romania,2000,1.3421471,0.26977158,,0,0,,,,,
Romania,1991,,0.1733064,0,,,,,,,
Romania,1994,,0.00997579,,0,0,,,,,
Romania,1995,,0.018033585,,,,,,,,
Romania,1996,,0.014213362,,,0,,,,,
Romania,1997,,0.30920404,,0,,,,,,
Romania,1998,,0.35974595,,,0,,,,,
Romania,1999,,0.16688381,,,,,,,,0
Romania,2001,,0.3341988,,,0,,,,,
Romania,2002,,0.0006295383,,,0,,,,,
Romania,2003,,0,,,,,,,,
Romania,2004,,0,,0,0,,,,,
Romania,2005,,1.3336126,,0,0,,,,,
Romania,2006,,0,,,0,,,,,
Romania,2007,,0,,,0,,,,,
Romania,2008,,0,,0,0,,,,,
Romania,2009,,0,,,0,,,,,
Romania,2010,,0.65353376,,,0,,,,,
Romania,2013,,0.005795617,,,,,,,,
Romania,2014,,0,,,0,,,,,
Romania,2015,,0,,,,,,,,
Romania,2016,,0,,,,,,,,
Romania,2018,,0,,,0,,,,,
Romania,2019,,0,,,,,,,,
Romania,2020,,0.033725638,,,,,,,,
Romania,2021,,0,,,,,,,,
Romania,1990,,,0,,,,,,,
Romania,1993,,,,0,,,,,,
Romania,2017,,,,0.0034737524,,,,,,
Romania,2023,,,,0,0,,,,,
Romania,2024,,,,0,0,,,,,
Romania,2012,,,,,0,,,,,
Romania,2022,,,,,0,,,,,
Russia,1998,0,0.006089561,,0.059050288,0,,0.099647366,,,
Russia,2003,0,0,0.002463126,0,,,0,,,
Russia,2010,0.09180829,0.004328105,,,0.02623094,,0.118039235,,,
Russia,2012,0.05162357,0.027940126,,,0,,0,,,
Russia,1992,,0.010449921,,,,,0,,,0.0005648606
Russia,1993,,0.007814588,,,0,,,,,0
Russia,1994,,0.07112532,0,0.016654968,0,,,,,
Russia,1996,,0.07617591,,,,,0,,,0
Russia,1997,,0.042995196,,,0,,0,,,
Russia,1999,,0,0.00045940134,0,0,,0.057851903,,,
Russia,2000,,0.016901534,0.00035424109,0.000019252233,0,,0,,,0
Russia,2001,,0.0949113,,0.0056098774,0.000032615564,,0,,,
Russia,2002,,0.1583261,,0.00086838094,0,,0,,,0
Russia,2004,,0.0096036205,0,0.0010151997,,,0,,,
Russia,2005,,0.003097841,,0,,,,,,0
Russia,2006,,0.013375767,0.0055559366,,0.101017036,,,,,
Russia,2007,,0.001981375,0.032315064,0,,,,,,
Russia,2011,,0.0010271649,,0.0001466331,,,,,,
Russia,2013,,0.04362107,,,,,,,,
Russia,2014,,0.00038849254,,,,,,,,
Russia,2015,,0,,,,,0.010034601,,,
Russia,2016,,0.00093985966,,,,,,,,
Russia,2017,,0,,0.00012704871,,,,,,
Russia,2018,,0.00060338055,,,,,,,,
Russia,2019,,0.028704489,,,,,0.0062606498,,,
Russia,2021,,0.010933821,,,,,0,,,0
Russia,2022,,0,,0,,,0,,,
Russia,2024,,0.010442371,,,,,,,,
Russia,1995,,,0.016205808,0.011124112,0,,,,,0
Russia,2008,,,0,,,,,,,
Russia,2023,,,,0,,,0.0024137031,,,
Rwanda,1976,0,,,,,,,,,
Rwanda,1977,0,,,,,,,,,
Rwanda,1984,0,,,,,,,,,
Rwanda,1989,0,,,,,,,,,
Rwanda,1996,0,,,,,,,,,
Rwanda,1997,0,,,,,,,,,
Rwanda,1999,0,,,,,,,,,
Rwanda,2000,0,,,,,,,,,
Rwanda,2003,0,0,,,,,,,,
Rwanda,2004,0,,,,,,,,,
Rwanda,2005,0,,,,,,,,,
Rwanda,2006,0,,,,,,,,,0
Rwanda,2007,0,0.00022110263,,,,,,,,
Rwanda,1974,,0,,,,,,,,
Rwanda,1988,,0,,,,,,,,
Rwanda,2001,,0,,,,,,,,
Rwanda,2002,,0,0,,,,,,,
Rwanda,2008,,0,0,,,,,,,
Rwanda,2011,,0,,,,,,,,
Rwanda,2012,,0,,,,,,,,
Rwanda,2015,,0,,,,,,,,
Rwanda,2016,,0,,,,,,,,0
Rwanda,2018,,0.45653078,,,,,,,,0.2905196
Rwanda,2019,,0,,,,,,,,
Rwanda,2020,,0,,,,,,,,
Rwanda,2021,,0,,,,0,,,,
Rwanda,2022,,0,,,,,,,,
Rwanda,2023,,0,,,,,,,,
Rwanda,2024,,0,,,,,,,,
Rwanda,2017,,,,0,,,,,,
Rwanda,2010,,,,,,,,,,0
Saint Kitts and Nevis,1987,,0.33841372,,,,,,,,
Saint Kitts and Nevis,1984,,,,0,,,,,,
Saint Kitts and Nevis,1989,,,,23.893805,,,,,,
Saint Kitts and Nevis,1990,,,,0,,,,,,
Saint Kitts and Nevis,1995,,,,62.841885,,,,,,
Saint Kitts and Nevis,1998,,,,104.36852,,,,,,
Saint Kitts and Nevis,1999,,,,10.18211,,,,,,
Saint Kitts and Nevis,2008,,,,0,,,,,,
Saint Kitts and Nevis,2017,,,,1.8921874,,,,,,
Saint Lucia,2010,0,0,,0.033729427,,,,,,
Saint Lucia,2013,,0,,,,,,,,
Saint Lucia,2022,,0,,,,,,,,
Saint Lucia,2007,,,0,2.993813,,,,,,
Saint Lucia,1980,,,,51.646305,,,,,,
Saint Lucia,1983,,,,0.65469927,,,,,,
Saint Lucia,1986,,,,0,,,,,,
Saint Lucia,1987,,,,0,,,,,,
Saint Lucia,1988,,,,0.58189654,,,,,,
Saint Lucia,1994,,,,0,,,,,,
Saint Lucia,1999,,,,0,,,,,,
Saint Lucia,2004,,,,0.046875,,,,,,
Saint Lucia,2016,,,,0,,,,,,
Saint Lucia,2021,,,,1.8209227,,,,,,
Saint Lucia,1996,,,,,,,,,,0
Saint Vincent and the Grenadines,2010,0,,,6.6625223,,,,,,
Saint Vincent and the Grenadines,1977,,0,,,,,,,,
Saint Vincent and the Grenadines,1986,,5.719733,,,,,,,,
Saint Vincent and the Grenadines,1987,,2.8476942,,3.0185559,,,,,,
Saint Vincent and the Grenadines,1992,,0,,,,,,,,
Saint Vincent and the Grenadines,2011,,4.356985,,,,,,,,
Saint Vincent and the Grenadines,2013,,14.121685,,,,,,,,
Saint Vincent and the Grenadines,2016,,3.6472878,,0,,,,,,
Saint Vincent and the Grenadines,1967,,,,28.417871,,,,,,
Saint Vincent and the Grenadines,1980,,,,19.795887,,,,,,
Saint Vincent and the Grenadines,1999,,,,0,,,,,,
Saint Vincent and the Grenadines,2002,,,,2.2551897,,,,,,
Saint Vincent and the Grenadines,2004,,,,7.2740474,,,,,,
Saint Vincent and the Grenadines,2005,,,,0,,,,,,
Saint Vincent and the Grenadines,2021,,,,0,,36.571186,,,,
Saint Vincent and the Grenadines,2023,,,,0,,,,,,
Saint Vincent and the Grenadines,2024,,,,19.927284,,,,,,
Saint Vincent and the Grenadines,1971,,,,,,0,,,,
Saint Vincent and the Grenadines,1979,,,,,,0,,,,
Samoa,2015,0,,,,,,,,,
Samoa,2001,,0.5632754,,,,,,,,
Samoa,2009,,,19.7514,,,,,,,
Samoa,1983,,,,28.248884,,,28.293583,,,
Samoa,1989,,,,12.613049,,,,,,
Samoa,1990,,,,159.02515,,,,,,
Samoa,1991,,,,221.3425,,,,,,
Samoa,2004,,,,0,,,,,,
Samoa,2005,,,,0,,,,,,
Samoa,2012,,,,17.20254,,,,,,
Samoa,2018,,,,0,,,,,,
Sao Tome and Principe,1983,0,,,,,,,,,
Sao Tome and Principe,1984,0,,,,,,,,,
Sao Tome and Principe,1985,0,,,,,,,,,
Sao Tome and Principe,2021,,0,,,,,,,,
Saudi Arabia,1964,,0,,,,,,,,
Saudi Arabia,1985,,0.43311775,,,,,,,,
Saudi Arabia,2002,,0,,,,,,,,
Saudi Arabia,2003,,0,,,,,,,,
Saudi Arabia,2004,,0,,,,,,,,
Saudi Arabia,2005,,0,,,,,,,,
Saudi Arabia,2009,,0.20974237,,,,,,,,
Saudi Arabia,2010,,0,,,,,,,,
Saudi Arabia,2011,,0.04407482,,,,,,,,
Saudi Arabia,2012,,0,,,,,,,,
Saudi Arabia,2013,,0,,,,,,,,
Saudi Arabia,2015,,0.0002884278,,,,,,,,
Saudi Arabia,2016,,0,,0.007253952,,,,,,
Saudi Arabia,2017,,0,,,,,,,,
Saudi Arabia,2019,,0,,,,,,,,
Saudi Arabia,2020,,0,,,,,,,,
Saudi Arabia,1982,,,,0,,,,,,
Saudi Arabia,2024,,,,,0,,,,,
Senegal,1966,0,0.0040099183,,,,,,,,
Senegal,1967,0,,,,,,,,,
Senegal,1969,0.8577926,,,,,,,,,
Senegal,1970,0.82329816,,,,,,,,,
Senegal,1971,0.7973977,,,,,,,,,
Senegal,1972,0.6590052,,,,,,,,,
Senegal,1973,0.57322854,,,,,,,,,
Senegal,1974,0.5088079,,,,,,,,,
Senegal,1975,0.37842163,,,,,,,,,
Senegal,1977,5.105433,,,,,,,,,
Senegal,1978,4.5726757,0.060969014,,,,,,,,
Senegal,1979,0,,,,,,,,,
Senegal,1980,0,,,,,,,,,
Senegal,1982,0,,,,,,,,,
Senegal,1983,0,0.03939086,,,,,,,,
Senegal,1984,0,,,,,,,,,
Senegal,1985,0,0,,,,,,,,
Senegal,2002,0,0.58487934,,,,,,,,
Senegal,2011,0,0,,,,,,,,
Senegal,2012,0,0.056622352,,,,,,,,
Senegal,2013,0,0,,,,,,,,
Senegal,2014,0,,,,,,,,,
Senegal,2015,0,,,,,,,,,
Senegal,2018,0,,,,,,,,,
Senegal,2019,0,0,,,,,,,,
Senegal,2020,0,0.073378004,,,,,,,,
Senegal,2021,0,,,,,,,,,
Senegal,1988,,0,,,,,,,,
Senegal,1993,,0,,,,,,,,
Senegal,1994,,0,,,,,,,,
Senegal,1998,,0,,,,,,,,
Senegal,2003,,0,,,,,,,,
Senegal,2005,,0,,,,,,,,
Senegal,2007,,0,,,,,,,,
Senegal,2008,,0,,,,,,,,
Senegal,2009,,0,,,,,,,,
Senegal,2010,,0,,,,,,,,
Senegal,2016,,0,,,,,,,,
Senegal,2022,,0,,,,,,,,
Senegal,2024,,0,,,,,,,,
Senegal,1999,,,,0,,,,,,
Senegal,2004,,,,0,,,,,,
Serbia,2007,,0,,,0,,,,,
Serbia,2009,,0,,,0,,,,,
Serbia,2010,,0,0.30379018,,0,,,,,
Serbia,2011,,0,,,,,,,,
Serbia,2013,,0,,,,,,,,
Serbia,2014,,4.170397,,,0,,,,,
Serbia,2016,,0.23682374,,,,,,,,
Serbia,2018,,0,,,,,,,,
Serbia,2019,,0,,,,,,,,
Serbia,2020,,0.05011274,,,,,,,,
Serbia,2021,,0,,,,,,,,
Serbia,2023,,0,,0,0,,,,,
Serbia,2012,,,,,0,,,,,
Serbia,2017,,,,,0,,,,,
Serbia,2022,,,,,0,,,,,
Serbia,2024,,,,,0,,,,,
Seychelles,1997,,0.283822,,,,,,,,
Seychelles,2014,,0,,,,,,,,
Seychelles,2004,,,3.3594165,,,,,,,
Seychelles,2002,,,,0,,,,,,
Seychelles,2013,,,,0.6975905,,,,,,
Sierra Leone,1996,,0,,,,,,,,
Sierra Leone,2004,,0,,,,,,,,
Sierra Leone,2005,,0,,,,,,,,
Sierra Leone,2007,,0,,,,,,,,
Sierra Leone,2009,,0,,,,,,,,
Sierra Leone,2010,,0,,,,,,,,0
Sierra Leone,2011,,0,,,,,,,,
Sierra Leone,2015,,0,,,,,,,,
Sierra Leone,2019,,0,,,,,,,,
Sierra Leone,2022,,0,,,,,,,,
Sierra Leone,2024,,0,,,,,,,,
Sierra Leone,1975,,,,0.52991605,,,,,,
Sierra Leone,1984,,,,0,,,,,,
Sierra Leone,1999,,,,0,,,,,,
Sierra Leone,2023,,,,0,,,,,,
Sierra Leone,2013,,,,,,,0,,,
Sierra Leone,2017,,,,,,,,,,0.5217531
Sint Maarten (Dutch part),2017,,,,184.7456,,,,,,
Slovakia,1997,,0.21548142,,,,,,,,
Slovakia,1998,,0.15011905,,,,,,,,
Slovakia,1999,,0.37152082,,,,,,,,
Slovakia,2001,,0.019527016,,,,,,,,
Slovakia,2002,,0.00851217,,,,,,,,
Slovakia,2004,,0,,0.66992366,,,,,,
Slovakia,2005,,0,,,0,,,,,
Slovakia,2006,,0,,,,,,,,
Slovakia,2010,,0.027438708,,,0,,,,,
Slovakia,2013,,0,,,,,,,,
Slovakia,2020,,0,,,,,,,,
Slovakia,2021,,0,,,,,,,,
Slovakia,2017,,,,0,,,,,,
Slovakia,2019,,,,0,,,,,,
Slovakia,2023,,,,0,0,,,,,
Slovakia,2024,,,,0.011779167,0,,,,,
Slovakia,2003,,,,,0.3217769,,,,,
Slovakia,2007,,,,,0,,,,,
Slovakia,2011,,,,,0,,,,,
Slovakia,2012,,,,,0,,,,,
Slovakia,2022,,,,,0,,,,,
Slovakia,2000,,,,,,,0,,,
Slovenia,2005,,0.013909004,,,,,,,,
Slovenia,2010,,0.041824013,,,,,,,,
Slovenia,2012,,0.5740024,,,,,,,,
Slovenia,2014,,0,,,0,,,,,
Slovenia,2021,,0,,,,,,,,
Slovenia,2023,,0.7230818,,0,0,,,,,
Slovenia,1998,,,0,,,,,,,
Slovenia,2004,,,0.02927696,,,,,,,
Slovenia,2007,,,,0.8187089,,,,,,
Slovenia,2020,,,,0,,,,,,
Slovenia,2003,,,,,0.27247423,,,,,
Slovenia,2022,,,,,0,,,,,
Slovenia,2024,,,,,0,,,,,
Solomon Islands,1997,0,,,,,,,,,
Solomon Islands,1998,0,,,,,,,,,
Solomon Islands,2015,0,,,0.15291573,,,,,,
Solomon Islands,2009,,0,,,,,,,,
Solomon Islands,2010,,0,0,0,,,,,,
Solomon Islands,2012,,0,,,,,,,,
Solomon Islands,2013,,0.15553169,0.15553169,,,,,,,
Solomon Islands,2014,,1.7969836,,,,,,,,
Solomon Islands,1975,,,0,,,,,,,
Solomon Islands,1977,,,0,,,,,,,
Solomon Islands,1988,,,0,,,,,,,
Solomon Islands,2007,,,0,,,,,,,
Solomon Islands,2016,,,0,,,,,,,
Solomon Islands,1967,,,,0,,,,,,
Solomon Islands,1968,,,,0,,,,,,
Solomon Islands,1979,,,,0,,,,,,
Solomon Islands,1982,,,,0,,,,,,
Solomon Islands,1985,,,,0,,,,,,
Solomon Islands,1986,,,,13.548295,,,,,,
Solomon Islands,1992,,,,0,,,,,,
Solomon Islands,1993,,,,0,,,,,,
Solomon Islands,2002,,,,0,,,,,,
Solomon Islands,2003,,,,0,,,,,,
Solomon Islands,2011,,,,0,,,,,,
Solomon Islands,2018,,,,0,,,,,,
Solomon Islands,2020,,,,0,,,,,,
Solomon Islands,2023,,,,0,,,,,,
Solomon Islands,1971,,,,,,0,,,,
Somalia,1964,0,,,,,,,,,
Somalia,1969,0,,,,,,,,,
Somalia,1974,0,,,,,,,,,
Somalia,1975,0,,,,,,,,,
Somalia,1976,0,,,,,,,,,
Somalia,1980,0,,,,,,,,,
Somalia,1983,0,,,,,,,,,
Somalia,1987,0,0,,,,,,,,
Somalia,1988,0,,,,,,,,,
Somalia,2000,0,0,,,,,,,,
Somalia,2001,0,0,,,,,,,,
Somalia,2004,0,0,2.590947,,,,,,,
Somalia,2005,0,0.00042705418,,,,,,,,
Somalia,2008,0,0,,,,,,,,
Somalia,2009,0,0,,,,,,,,
Somalia,2010,0,0,,,,,,,,
Somalia,2011,0,0,,,,,,,,
Somalia,2012,0,0,,,,,,,,
Somalia,2014,0,0,,,,,,,,
Somalia,2015,0,0,,0,,,,,,
Somalia,2016,0,0,,,,,,,,
Somalia,2017,0,,,,,,,,,
Somalia,2019,0,0,,0,,,,,,
Somalia,2021,4.774817,0,,,,,,,,
Somalia,2022,5.2942157,0,,,,,,,,
Somalia,1961,,0,,,,,,,,
Somalia,1977,,0,,,,,,,,
Somalia,1981,,0,,,,,,,,
Somalia,1989,,0,,,,,,,,
Somalia,1994,,0,,0,,,,,,
Somalia,1995,,0,,,,,,,,
Somalia,1996,,0,,,,,,,,
Somalia,1997,,0,,,,,,,,
Somalia,2003,,0,,,,,,,,
Somalia,2006,,0,,,,,,,,
Somalia,2007,,0,,,,,,,,
Somalia,2013,,0,,0.039503194,,,,,,
Somalia,2018,,1.0160742,,0,,,,,,
Somalia,2020,,0,,0,,,,,,
Somalia,2023,,0,,,,,,,,
Somalia,2024,,0,,,,,,,,
South Africa,1964,0,,,,,,,,,
South Africa,1982,0,,,,,,,,,
South Africa,1983,0,,,0,,,,,,
South Africa,1986,0,,,,,,,,,
South Africa,1988,0,0,,,,,,,,
South Africa,1991,0.5920242,,,,,,0,,,
South Africa,1992,0.13579656,,,,,,,,,
South Africa,1995,0,0.0045289164,,,,,,,,
South Africa,2004,0,0,,,,,,,,
South Africa,2015,0.029839955,,,,,,,,,
South Africa,2016,0.031972397,0.08653045,,,0,,,,,
South Africa,2017,0.192221,0,,0.1580815,,,0.11010651,,,
South Africa,2018,0.12581016,,,,,,,,,
South Africa,2019,0.03467495,0.012842575,,0,,,,,,
South Africa,2021,0,0.017819514,,0,,,,,,
South Africa,1968,,0.1751846,,,,,,,,
South Africa,1974,,0,,,,,,,,
South Africa,1977,,0,,,,,,,,
South Africa,1978,,0,,,,,,,,
South Africa,1981,,0.0010736356,,,,,,,,
South Africa,1987,,0.7927684,,,,,,,,
South Africa,1993,,0,,0,,,,,,
South Africa,1994,,0,,0,,,,,,
South Africa,1996,,0.005563897,,,0,,,,,0
South Africa,1997,,0,0,,,,,,,
South Africa,1999,,0.012935846,,0.016499802,,,0,,,
South Africa,2000,,0.105434656,,0,,,0.006589666,,,
South Africa,2001,,0,,0,,,0,,,
South Africa,2002,,0,,0.010877114,,,0,,,
South Africa,2003,,0,,0,,,,,,
South Africa,2006,,0.07108568,,,,,,,,
South Africa,2007,,0,,,0,,0,,,
South Africa,2008,,0.00039983392,,0,,,0.13601945,,,
South Africa,2009,,0,,0,,,,,,
South Africa,2011,,0.04604981,,0.0021824555,,,,,,
South Africa,2012,,0.046040457,,0,,,,,,
South Africa,2014,,0.022298072,0,,,,,,,
South Africa,2020,,0,,0,,,,,,
South Africa,2022,,0.9031259,,,,,,,,
South Africa,2023,,0,,0,,,,,,
South Africa,2024,,0.014990229,,0,,,0,,,
South Africa,1969,,,0.12463006,,,,,,,
South Africa,1990,,,0,0.31178564,,,,,,
South Africa,2005,,,0.0069235964,,,,,,,
South Africa,1984,,,,0.1673144,,,,,,
South Africa,1998,,,,0.10785513,,,0,,,
South Africa,2010,,,,0,,,,,,
South Africa,2013,,,,0,,,,,,
South Korea,1967,0,,,,,,,,,
South Korea,1968,0,,,0.049024455,,,,,,
South Korea,2001,0,0.013877317,,0.052952923,,,,,,
South Korea,1961,,0,,,,,,,,
South Korea,1962,,0,,0,,,,,,
South Korea,1965,,1.1695489,,,,,,,,
South Korea,1966,,0.04835768,,,,,,,,
South Korea,1969,,0.2917161,,0,,,,,,
South Korea,1970,,0,,0.056634292,,,,,,
South Korea,1972,,0.6760502,,,,,,,,
South Korea,1977,,0.08583359,,,,,,,,
South Korea,1978,,0.0007696436,,0.03655807,,,,,,
South Korea,1984,,0.16921212,,,,,,,,0.04102112
South Korea,1987,,0.014870018,,0.3548527,,,,,,
South Korea,1990,,0.0134102255,,0.002117404,0,,,,,
South Korea,1991,,0.031755917,,0.093755566,,,,,,
South Korea,1992,,0,,0,,,,,,
South Korea,1996,,0.019666744,,,,,,,,0
South Korea,1997,,0.00028959816,,,,,,,,
South Korea,1998,,0.38608846,,0.0075010727,,,,,,
South Korea,1999,,0.06673179,,0.0008039974,,,,,,
South Korea,2000,,0.008677853,,0.014283746,,,0,,,
South Korea,2002,,0.05500226,,0.67118704,,,,,,
South Korea,2004,,0.00083146786,,0.10350798,,,0,,,
South Korea,2005,,0,,0.017702408,,,0,,,
South Korea,2006,,0,,,,,,,,
South Korea,2007,,0,,0.0059695686,,,,,,
South Korea,2008,,0,,,,,,,,
South Korea,2011,,0.004149081,,,,,,,,0
South Korea,2014,,0.00013472654,,0.000740996,,,,,,
South Korea,2020,,0.025542585,,0.07297882,,,,,,
South Korea,2022,,0.025270078,,0,0,,0,,,
South Korea,2023,,0,,0,,,0,,,
South Korea,2016,,,0.0014002989,0.008401793,0.008468474,,,,,
South Korea,2017,,,0,,,,,,,
South Korea,1964,,,,0.028909924,,,,,,
South Korea,1971,,,,0,,,,,,
South Korea,1979,,,,0.059748843,,,,,,
South Korea,1980,,,,0.011040029,,,,,,
South Korea,1981,,,,0.18372893,,,,,,0
South Korea,1982,,,,0.038285613,,,,,,
South Korea,1985,,,,0.013820857,,,,,,
South Korea,1986,,,,0.009329297,,,,,,
South Korea,1989,,,,0.071478084,,,,,,
South Korea,1993,,,,0.007485502,,,,,,0.02768258
South Korea,1994,,,,0.0000023726336,,,,,,
South Korea,1995,,,,0.099720955,,,,,,
South Korea,2003,,,,0.6403735,,,,,,
South Korea,2010,,,,0,,,,,,
South Korea,2012,,,,0.062517285,,,,,,
South Korea,2019,,,,0.033486273,,,0,,,
South Korea,2021,,,,0.0007149016,,,,,,
South Korea,2018,,,,,0,,,,,
South Korea,1963,,,,,,,,,,0
South Korea,1976,,,,,,,,,,0.33442044
South Korea,1988,,,,,,,,,,0
South Sudan,2009,0,,,,,,,,,
South Sudan,2010,0,0,,,,,,,,
South Sudan,2008,,0,,,,,,,,
South Sudan,2012,,0,,,,,,,,
South Sudan,2013,,0,,,,,,,,
Spain,1980,0.16155164,,,,,,,,,
Spain,1981,0.90531725,,,,,,,,,
Spain,1982,0.19133541,0.5003657,,,,,,,,
Spain,1983,0.21936741,2.2829838,,,,,,,,
Spain,1990,0.052562565,,,0,,,,,,
Spain,1991,0.14619276,,,,,,0,,,
Spain,1992,0.13373812,,,,,,,,,
Spain,1993,0.16069593,,,,,,,,,
Spain,1994,0.15903403,0,,0,,,0,,,
Spain,1995,0.13766262,,,,0.13421366,,,,,
Spain,1999,0.50441766,,0.0069363737,0.081179716,,,,,,
Spain,2023,0.127226,0.022838227,,0,0,,0,,,
Spain,2024,0.019667642,0.64141786,,0,0,,,,,
Spain,1962,,0.60206026,,,,,,,,
Spain,1972,,0.033846572,,,,,,,,
Spain,1973,,0.50901365,,0,,,,,,
Spain,1978,,0.015577783,,,,,,,,
Spain,1979,,0,,,,,,,,
Spain,1987,,0.40280014,,0.0025116142,,,,,,
Spain,1989,,0.090479,,0,,,,,,
Spain,1996,,0.16815844,,,,,,,,0.0031140454
Spain,1997,,0,,0.0008478316,,,,,,
Spain,2000,,0.012539649,,,,,0,,,
Spain,2001,,0,,0.011468644,,,,,,
Spain,2002,,0.023545492,,,,,,,,
Spain,2004,,0.0013352596,,,0,,0.00028041855,,,
Spain,2006,,0,,,0,,0.052225046,,,
Spain,2007,,0.027086576,,0,,,0,,,
Spain,2010,,0,,0.023809707,,,,,,
Spain,2011,,0,0.013444758,,,,,,,
Spain,2012,,0.02967705,,,,,0,,,
Spain,2013,,0,,0,,,,,,
Spain,2015,,0.00016581482,,,,,,,,
Spain,2016,,0.0040224753,,,,,,,,
Spain,2018,,0.010477474,,0,0,,0,,,
Spain,2019,,0.17812657,,0,0,,,,,
Spain,2021,,0.009649307,,0.13002612,,0.0684348,,,,
Spain,1971,,,,0.11806092,0.21465622,,,,,
Spain,1984,,,,0.5820445,,,0,,,
Spain,1998,,,,0.00016162099,,,0.006805537,,,
Spain,2005,,,,0.03247688,0,,0.17754027,,,
Spain,2009,,,,0.12695548,,,0,,,
Spain,2014,,,,0,,,,,,
Spain,2020,,,,0.024422698,,,,,,
Spain,1985,,,,,0,,0,,,
Spain,2003,,,,,0.09692023,,0,,,
Spain,2022,,,,,0,,0,,,
Spain,2017,,,,,,,0,,,
Sri Lanka,1977,0,,,,,,,,,0
Sri Lanka,1980,0,,,,,,,,,
Sri Lanka,1981,0,0,,,,,,,,
Sri Lanka,1982,0,0.02096979,,,,,,,,
Sri Lanka,1983,0,0,,,,,,,,
Sri Lanka,1987,0,,,,,,,,,
Sri Lanka,1988,0,,,,,,,,,
Sri Lanka,1989,0,0.5009111,,,,,,,,
Sri Lanka,2001,0,0,,,,,,,,
Sri Lanka,2002,0,0,,,,,,,,
Sri Lanka,2012,0,0.001703403,,0.080911644,,,,,,
Sri Lanka,2014,0.030292552,0.0024234043,,,,,,,,0
Sri Lanka,2016,0.008604543,1.363633,,,,,,,,
Sri Lanka,2017,0.013169513,0.4122101,,0.36664447,,,,,,
Sri Lanka,2019,0,0,,,,,,,,
Sri Lanka,2020,0,0,,0,,,,,,
Sri Lanka,1966,,0.2854744,,,,,,,,
Sri Lanka,1967,,0.16133672,,,,,,,,
Sri Lanka,1969,,0.43244976,,,,,,,,
Sri Lanka,1978,,0,,3.6587367,,,,,,
Sri Lanka,1984,,0.033093546,,,,,,,,
Sri Lanka,1986,,0.014581878,,,,,,,,
Sri Lanka,1990,,0,,,,,,,,
Sri Lanka,1991,,0.3333199,,,,,,,,
Sri Lanka,1992,,2.6048613,,,,,,,,
Sri Lanka,1993,,0.0029984487,,,,,,,,0
Sri Lanka,1994,,0,,,,,,,,
Sri Lanka,1995,,0.00306991,,,,,,,,
Sri Lanka,1996,,0,,,,,,,,
Sri Lanka,1997,,0.0027829472,,,,,,,,
Sri Lanka,1998,,0,,,,,,,,
Sri Lanka,1999,,0,,,,,,,,
Sri Lanka,2000,,0.01837018,,0,,,,,,
Sri Lanka,2003,,0.15358733,,,,,,,,
Sri Lanka,2004,,0,6.3714375,,,,,,,
Sri Lanka,2005,,0,,,,,,,,
Sri Lanka,2006,,0.010608278,,,,,,,,
Sri Lanka,2007,,0.00015455837,,,,,,,,
Sri Lanka,2008,,0,,0,,,,,,
Sri Lanka,2009,,0,,,,,,,,
Sri Lanka,2010,,0.17907038,,,,,,,,
Sri Lanka,2011,,0.7379716,,0,,,,,,
Sri Lanka,2013,,0.002597383,,0,,,,,,
Sri Lanka,2015,,0,,,,,,,,
Sri Lanka,2018,,0,,,,,,,,
Sri Lanka,2021,,0,,0,,,,,,
Sri Lanka,2022,,0,,0,,,,,,
Sri Lanka,2023,,0,,0,,,,,,
Sri Lanka,2024,,0,,0,,,,,,
Sri Lanka,1964,,,,2.8478763,,,,,,
Sri Lanka,1985,,,,0,,,,,,
Sri Lanka,1974,,,,,,,,,,0
Sudan,1980,0,,,,,,,,,
Sudan,1983,0,0,,,,,,,,
Sudan,1984,0,,,,,,,,,
Sudan,1985,0,,,,,,,,,
Sudan,1987,0,,,,,,,,,
Sudan,1990,0,,0,,,,,,,
Sudan,1991,0,,,,,,,,,
Sudan,1992,0,,,,,,,,,
Sudan,1996,0,0,,,,,,,,
Sudan,2000,0,,,,,,,,,
Sudan,2001,0,0.012725592,,,,,,,,
Sudan,2012,0,0,,,,,,,,
Sudan,2015,0,0,,,0,,,,,
Sudan,2022,0,0.01935476,,,,,,,,
Sudan,1975,,0,,,,,,,,
Sudan,1978,,0.30755153,,,,,,,,
Sudan,1988,,0,,,,,,,,
Sudan,1993,,0.0022519974,0,,,,,,,
Sudan,1994,,0,,,,,,,,
Sudan,1997,,0,,,,,,,,
Sudan,1998,,0.35554856,,,,,0,,,
Sudan,1999,,0,,,,,,,,
Sudan,2002,,0,,0,,,,,,
Sudan,2003,,0.86161286,,,,,,,,
Sudan,2005,,0,,,,,,,,
Sudan,2006,,0,,,,,,,,
Sudan,2007,,0.5047094,,,,,,,,
Sudan,2009,,0,,,,,,,,
Sudan,2010,,0,,,,,,,,
Sudan,2013,,0.016269982,,,,,,,,
Sudan,2014,,0,,,,,,,,
Sudan,2016,,0,,,,,,,,
Sudan,2017,,0,,,,,,,,
Sudan,2018,,0,,,,,,,,
Sudan,2019,,0,,,,,,,,
Sudan,2020,,0.9247411,,,,,,,,
Sudan,2021,,0,,0,,,,,,
Sudan,2024,,0,,,,,,,,
Sudan,2011,,,,0,,,,,,
Suriname,1969,,0.019256692,,,,,,,,
Suriname,2006,,0,,,,,,,,
Suriname,2008,,0,,,,,,,,
Suriname,2021,,0,,,,,,,,
Suriname,2022,,0.5538554,,,,,,,,
Sweden,1977,,0.18021291,,,,,,,,0.011660835
Sweden,1985,,0.005089532,,,,,,,,
Sweden,2021,,0.010985788,,,,,,,,
Sweden,1976,,,,0,,,,,,
Sweden,1990,,,,0.0038245367,,,,,,
Sweden,1999,,,,0.058325954,,,,,,
Sweden,2002,,,,0,,,,,,
Sweden,2005,,,,0.7148504,0,,,,,
Sweden,2013,,,,0,,,,,,
Sweden,2020,,,,0,,,,,,
Sweden,2022,,,,,0,,,,,
Sweden,2023,,,,,0,,,,,
Sweden,2024,,,,,0,,,,,
Sweden,2018,,,,,,,0.018501304,,,
Switzerland,1977,,0,,,,,,,,
Switzerland,1983,,0,,0.00087233883,,,,,,
Switzerland,1987,,0.3513415,,0.069716185,,,,,,
Switzerland,1997,,0.023237022,,,,,,,,
Switzerland,1999,,0.11078523,,0.50356925,,,,,,0.22996327
Switzerland,2005,,0.5020502,,,0,,,,,
Switzerland,2006,,0,,0,,,,,,
Switzerland,2007,,0.07132076,,0.02037736,,,,,,
Switzerland,2021,,0,,0,,,,,,0
Switzerland,1976,,,,0,,,,,,
Switzerland,1982,,,,0.0008692374,,,,,,
Switzerland,1984,,,,0.008770702,,,,,,
Switzerland,1985,,,,0.0018021214,,,,,,
Switzerland,1986,,,,0.06600041,,,,,,
Switzerland,1990,,,,0.1053568,,,,,,
Switzerland,1993,,,,0.16300471,,,,,,
Switzerland,1994,,,,0.0016590623,,,,,,
Switzerland,1998,,,,0.0003295338,,,,,,
Switzerland,2002,,,,0,,,,,,0.058195658
Switzerland,2003,,,,0.001380929,0.07733203,,,,,
Switzerland,2009,,,,0.18043607,,,,,,
Switzerland,2010,,,,0.0023378101,0,,,,,
Switzerland,2011,,,,0,,,,,,
Switzerland,2013,,,,0.035398986,,,,,,
Switzerland,2014,,,,0,,,,,,
Switzerland,2018,,,,0,,,,,,
Switzerland,2019,,,,0,,,,,,
Switzerland,2020,,,,0,,,,,,
Switzerland,2023,,,,0,0,,,,,0
Switzerland,2024,,,,0,0,,,,,
Switzerland,2012,,,,,0,,,,,
Switzerland,2022,,,,,0,,,,,
Switzerland,2017,,,,,,,,,0,
Switzerland,1965,,,,,,,,,,0
Switzerland,1968,,,,,,,,,,0
Switzerland,1970,,,,,,,,,,0
Switzerland,1975,,,,,,,,,,0
Switzerland,1988,,,,,,,,,,0
Switzerland,2000,,,,,,,,,,0.11818805
Syria,1999,0,,,,,,,,,
Syria,2000,0,,,,,,,,,
Syria,2008,0,,,,,,,,,
Syria,2009,0,,,,,,,,,
Syria,2010,0,,,,,,,,,
Syria,2021,0,0,,,,,,,,
Syria,2022,0,,,0,,,,,,
Syria,2023,0,0,44.5146,,,,0,,,
Syria,1967,,0.31640968,,,,,,,,
Syria,1974,,0.7558788,,,,,,,,
Syria,2006,,0,,,,,,,,
Syria,2019,,0,,,,,,,,
Syria,2001,,,,0,,,,,,
Syria,2004,,,,0,,,,,,
Syria,2015,,,,0,,,,,,
Syria,2020,,,,,,,0,,,
Syria,2002,,,,,,,,,,0
Tajikistan,2000,2.660352,,0,,,,,,,
Tajikistan,2001,3.1557572,0,,0.021651179,,,,,,0.055515844
Tajikistan,2008,0,,,,16.274971,,,,,
Tajikistan,1992,,15.718701,,,,,,,0,1.2627357
Tajikistan,1994,,0,,,,,,,,
Tajikistan,1996,,0,,,,,,,,
Tajikistan,1998,,4.999244,,,,,,,,0
Tajikistan,1999,,0.56634736,,0.018405829,,,,,,
Tajikistan,2002,,0.23224843,0,,,,,,,
Tajikistan,2003,,1.2859105,,,,,,,,2.6361165
Tajikistan,2004,,0.57798547,0,,,,,,,
Tajikistan,2005,,2.1623006,,,,,,,,0
Tajikistan,2007,,0,0,,,,,,,0
Tajikistan,2009,,0.02008245,,,,,,,,
Tajikistan,2010,,3.6155975,0.026585275,,,,,,,
Tajikistan,2011,,0,0,,,,,,,
Tajikistan,2012,,0.009956718,0,,0,,,,,
Tajikistan,2014,,0.02194762,,,,,,,,
Tajikistan,2015,,0,0.06044903,,,,,,,0
Tajikistan,2016,,0,0,,,,,,,
Tajikistan,2017,,0,,,,,,,,0
Tajikistan,2018,,0,,,,,,,,
Tajikistan,2019,,0,,,,,,,,
Tajikistan,2020,,0,,,,,,,,
Tajikistan,2021,,0.10069586,0,,,,,,,0
Tajikistan,2023,,0,0,,,,,,,
Tajikistan,2024,,0,,,,,,,,
Tajikistan,2006,,,0.7773264,,,,,,,0
Tajikistan,2013,,,,,0,,,,,
Tajikistan,1993,,,,,,,,,,9.048821
Tajikistan,1997,,,,,,,,,,0
Tanzania,1967,0,,,,,,,,,
Tanzania,1977,0,,,,,,,,,
Tanzania,1984,0,,,,,,,,,
Tanzania,1991,0,,,,,,,,,
Tanzania,1992,0,,,,,,,,,
Tanzania,1996,0,,,,,,,,,
Tanzania,1997,0,0,,,,,0,,,
Tanzania,1998,0,0,,,,,,,,
Tanzania,1999,0,,,,,,,,,
Tanzania,2000,0,0,0,,,,,,,
Tanzania,2003,0,0,,,,,,,,
Tanzania,2004,0,,0,,,,,,,
Tanzania,2006,0,0,,,,,,,,
Tanzania,2011,0,0,,,,,,,,
Tanzania,2012,0,0,,,,,,,,
Tanzania,2021,0,0,,0,,,,,,
Tanzania,2022,0,0,,,,,,,,
Tanzania,1964,,0,0,,,,,,,
Tanzania,1968,,0.020427959,,,,,,,,
Tanzania,1974,,0.06027318,,,,,,,,
Tanzania,1978,,0,,,,,,,,
Tanzania,1979,,0,,,,,,,,
Tanzania,1982,,0,,,,,,,,
Tanzania,1986,,0,,,,,,,,
Tanzania,1988,,0,,,,,,,,
Tanzania,1989,,0,,,,,,,,
Tanzania,1990,,0.0045275325,,,,,,,,
Tanzania,1993,,0.05676973,,,,,,,,
Tanzania,1994,,0,,0,,,,,,
Tanzania,1995,,0,,,,,,,,
Tanzania,2001,,0,0,,,,,,,0
Tanzania,2002,,0,0,,,,,,,
Tanzania,2005,,0,0,,,,,,,
Tanzania,2008,,0,,0,,,,,,
Tanzania,2009,,0,,0,,,,,,
Tanzania,2010,,0,,,,,,,,
Tanzania,2014,,0.0040010624,,,,,,,,
Tanzania,2015,,0,,0,,,,,,
Tanzania,2016,,0,0.92015153,,,,,,,
Tanzania,2017,,0,,,,,,,,
Tanzania,2018,,0,,,,,,,,
Tanzania,2019,,0,,0,,,,,,
Tanzania,2020,,0,,,,,,,,
Tanzania,2023,,0,,,,,,,,0
Tanzania,2024,,0,,0.23483157,,,,,,0
Thailand,1991,0,0.0015045598,,0.008472565,,,,,,
Thailand,1999,0,0.010473737,,,,,,,,
Thailand,2002,0.0017125722,0.026676664,,0.0014891933,,,,,,0
Thailand,2005,0.22184847,0.10309429,,0.010694153,,,0,,,
Thailand,2008,0,0.00945385,,0,,,,,,
Thailand,2010,0,0.0973308,,,,,,,,
Thailand,2011,0,10.590416,0,0,,,,,,
Thailand,2012,0.0003018425,0.26304358,,,,,,,,
Thailand,2014,0,0.0024549575,0.015220736,0,0,,,,,
Thailand,2015,0.34030876,,,0.00013979698,,,,,,
Thailand,2016,0.3303719,0.035077844,,,0,,,,,
Thailand,2017,0.124619044,0.2867055,,0,,,,,,
Thailand,2019,0,0,,0,,,,,,
Thailand,2020,0,0.00999077,,0.0019981542,,,,,,
Thailand,1966,,0.018942153,,,,,,,,
Thailand,1975,,0.30236307,,,,,,,,
Thailand,1978,,1.6662108,,0,,,,,,
Thailand,1980,,0.184524,,,,,,,,
Thailand,1983,,0,,,,,,,,
Thailand,1984,,0.9641691,,,,,,,,
Thailand,1985,,0.00925433,,,,,,,,
Thailand,1986,,0.0046407185,,,,,,,,
Thailand,1987,,0.014247425,,,,,,,,
Thailand,1988,,0.2742882,,,,,,,,
Thailand,1993,,1.5369395,,0.10239022,,,,,,
Thailand,1994,,0.18270595,,0.013634773,,,,,,0
Thailand,1995,,0.08299911,0,0,,,,,,
Thailand,1996,,0.00027317143,,0.08195143,,,,,,
Thailand,1997,,0,,0.029631019,,,,,,
Thailand,2000,,0.08628379,,0,,,,,,
Thailand,2001,,0.023691468,,0,,,,,,
Thailand,2003,,0.017336415,,0,,,,,,
Thailand,2004,,0.1012171,0.57838345,0,,,,,,0
Thailand,2006,,0.026047967,,,,,,,,
Thailand,2007,,0.0005704667,,,,,,,,
Thailand,2009,,0.000105459636,,,,,,,,
Thailand,2013,,0.13774772,,,,,,,,
Thailand,2021,,0.1167535,,0,,,,,,
Thailand,2022,,0.0026228465,,0,,,,,,
Thailand,2023,,0,,0,,,,,,
Thailand,2024,,0.039892763,,0.17172885,0,,,,,
Thailand,1962,,,,0.5742067,,,,,,
Thailand,1981,,,,0.037306964,,,,,,
Thailand,1989,,,,0.6255991,,,,,,
Thailand,1990,,,,0.05858698,,,,,,
Thailand,1992,,,,0,,,,,,
Togo,1971,0.12356407,,,,,,,,,
Togo,1983,0,,,,,,,,,
Togo,1989,0,,,,,,,,,
Togo,1994,,0,,,,,,,,
Togo,1995,,0,,,,,,,,
Togo,1998,,0,,,,,,,,
Togo,1999,,0,,,,,,,,
Togo,2006,,0,,,,,,,,
Togo,2007,,0,,,,,,,,
Togo,2008,,0,,,,,,,,
Togo,2009,,0,,,,,,,,
Togo,2010,,0,,,,,,,,
Togo,2017,,0,,,,,,,,
Togo,2020,,0,,,,,,,,
Togo,2022,,0,,,,,,,,
Togo,2024,,0,,,,,,,,
Togo,1966,,,,0.065524876,,,,,,
Tonga,2015,0,,,,,,,,,
Tonga,1977,,,3.5150015,3.2220848,,,,,,
Tonga,2009,,,3.0408268,,,,,,,
Tonga,1982,,,,35.92824,,,,,,
Tonga,1990,,,,2.2014053,,,,,,
Tonga,1997,,,,0,,,,,,
Tonga,1998,,,,0,,,,,,
Tonga,2001,,,,28.324196,,,,,,
Tonga,2004,,,,0,,,,,,
Tonga,2011,,,,0.72438604,,,,,,
Tonga,2014,,,,7.029515,,,,,,
Tonga,2016,,,,0,,,,,,
Tonga,2018,,,,0,,,,,,
Tonga,2020,,,,22.340464,,,,,,
Tonga,2022,,,,,,22.772009,,,,
Trinidad and Tobago,2010,0,,,,,,,,,
Trinidad and Tobago,1993,,0.0014990927,,,,,,,,
Trinidad and Tobago,1996,,0,,,,,,,,
Trinidad and Tobago,2018,,0.015488358,,,,,,,,
Trinidad and Tobago,2022,,0,,,,,,,,
Trinidad and Tobago,1997,,,0.43570924,,,0,,,,
Trinidad and Tobago,1963,,,,4.4232173,,,,,,
Trinidad and Tobago,1974,,,,0.24485785,,,,,,
Trinidad and Tobago,1990,,,,0,,,,,,
Trinidad and Tobago,2004,,,,0.007529955,,,,,,0
Trinidad and Tobago,2005,,,,0,,,,,,
Tunisia,1977,0,,,,,,,,,
Tunisia,1988,0,,,,,,,,,
Tunisia,1962,,0,,,,,,,,
Tunisia,1964,,0.29243562,,,,,,,,
Tunisia,1969,,7.7525105,,,,,,,,
Tunisia,1973,,0.18309563,,,,,,,,
Tunisia,1979,,0,,,,,,,,
Tunisia,1982,,1.1065238,,,,,,,,
Tunisia,1986,,0,,,,,,,,
Tunisia,1990,,1.9754986,,,,,,,,
Tunisia,2003,,0,,,,,,,,
Tunisia,2007,,0,,,,,,,,
Tunisia,2009,,0,,,,,,,,
Tunisia,2018,,0.08433579,,,,,,,,
Tunisia,2020,,0,,,,,,,,
Tunisia,2021,,0,,,,,0,,,
Tunisia,2022,,0,,,,,,,,
Tunisia,2017,,,,,,,0,,,
Turkey,1964,,0,0.04473161,0.019681908,,,,,,
Turkey,1968,,0,0,,,,,,,
Turkey,1974,,0,,,,,,,,
Turkey,1980,,0.021794822,,,,,,,,0
Turkey,1981,,0,,,,,,,,
Turkey,1984,,0,0,,,,,,,
Turkey,1988,,0,,,,,,,,0
Turkey,1990,,0.0995649,,,,,,,,
Turkey,1991,,0.016552484,,0,,,,,,
Turkey,1995,,0.04340904,0.12154531,,,,,,,0.015355578
Turkey,1998,,0.36239502,0.19931726,,,,,,,
Turkey,2000,,0.014582859,0,,0.0003645715,,0,,,
Turkey,2001,,0.012391382,0,,0,,,,,0
Turkey,2002,,0,0.039542295,0,,,,,,
Turkey,2004,,0,0,0,0,,,,,
Turkey,2005,,0,0,0,0,,,,,0
Turkey,2006,,0.05690425,,,0,,,,,
Turkey,2007,,0,,,0,,,,,
Turkey,2009,,0.084708,,,,,,,,0
Turkey,2012,,0,,,,,,,,
Turkey,2015,,0,,,,,,,,
Turkey,2019,,0,0,,,,,,,
Turkey,2020,,0.039564732,0.10967066,0,,,,,,0
Turkey,2021,,0.038177006,,,,,0.028297333,,,
Turkey,2022,,0,0.0055119595,,,,,,,
Turkey,2023,,0.00223563,3.0404568,0,,,,,,
Turkey,2024,,0,0,,,,0,,,
Turkey,1966,,,0.14184397,,,,,,,
Turkey,1967,,,0.019176137,,,,,,,
Turkey,1969,,,0,,,,,,,
Turkey,1970,,,0.3112468,,,,,,,
Turkey,1971,,,0.030927835,,,,,,,
Turkey,1975,,,0.036922123,,,,,,,
Turkey,1976,,,0.048590865,,,,,,,0
Turkey,1977,,,0,,,,,,,
Turkey,1978,,,0,,,,,,,
Turkey,1979,,,0,,,,,,,
Turkey,1983,,,0.040450748,,,,,,,
Turkey,1985,,,0,,,,0,,,
Turkey,1986,,,0,,,,,,,
Turkey,1992,,,0.4713875,,,,,,0,
Turkey,1996,,,0.016532168,,,,0,,,
Turkey,1999,,,8.190457,,,,,,,
Turkey,2003,,,0.042912237,,,,,,,
Turkey,2010,,,0,,,,,,,0
Turkey,2011,,,0.20791972,,,,,,,
Turkey,2014,,,0,,,,,,,
Turkey,2017,,,0,0.069849595,,,,,,
Turkey,1972,,,,0,,,,,,
Turkey,1994,,,,0,0,,,,,
Turkey,1987,,,,,0,,,,,
Turkey,2008,,,,,,,0,,,
Turkey,1993,,,,,,,,,,0
Turkey,2018,,,,,,,,,,0
Turkmenistan,1993,,3.1413307,,,,,,,,
Turkmenistan,2000,,,0,,,,,,,
Turks and Caicos Islands,2004,,,,0,,,,,,
Turks and Caicos Islands,2008,,,,57.95865,,,,,,
Turks and Caicos Islands,2017,,,,48.90621,,,,,,
Tuvalu,2011,0,,,,,,,,,
Tuvalu,2021,0,,,,,,,,,
Tuvalu,1972,,,,0,,,,,,
Tuvalu,1984,,,,0,,,,,,
Tuvalu,1987,,,,0,,,,,,
Tuvalu,1990,,,,0,,,,,,
Tuvalu,1993,,,,0,,,,,,
Tuvalu,2015,,,,0,,,,,,
Tuvalu,2020,,,,0,,,,,,
Uganda,1967,0.020677377,,,,,,,,,
Uganda,1979,0,,,,,,,,,
Uganda,1980,0,,,,,,,,,
Uganda,1987,0,,,,,,,,,
Uganda,1988,0,,0,,,,,,,
Uganda,1998,0.012149163,0,,,,,,,,
Uganda,1999,0.013336527,,,,,,,,,
Uganda,2000,0,,,0,,,,,,
Uganda,2001,0,0,,,,,,,,0
Uganda,2002,0,0,,0,,,,,,
Uganda,2005,0,,,,,,,,,
Uganda,2006,0,0,,,,,,,,
Uganda,2008,0,0,,,,,,,,
Uganda,2009,0,,,,,,,,,
Uganda,2011,0,0,,0,,,,,,
Uganda,2022,0,0,,,,,,,,0
Uganda,1997,,0.01595066,,,,,,,,0
Uganda,2003,,0,,,,,,,,
Uganda,2004,,0,,,,,,,,
Uganda,2007,,0.00059651013,,,,,,,,
Uganda,2012,,0,,,,,,,,0
Uganda,2013,,0.010720788,,,,,,,,
Uganda,2016,,0.009245313,0,,,,,,,0
Uganda,2017,,0,,,,,,,,
Uganda,2019,,0,,,,,,,,0
Uganda,2020,,0,,0,,,,,,
Uganda,2021,,0,,,,,,,,
Uganda,2023,,0,,,,,,,,
Uganda,2024,,0,,0,,,,,,0
Uganda,1966,,,0.16209531,,,,,,,
Uganda,1990,,,0,,,,,,,
Uganda,1994,,,1.7541968,,,,,,,
Uganda,2010,,,,,,,,,,0
Uganda,2018,,,,,,,,,,0
Ukraine,2012,0.9255621,,,,0,,,,,
Ukraine,1993,,0.36405978,,,,,,,,
Ukraine,1995,,0,,,,,,,,
Ukraine,1996,,0,,,,,,,,
Ukraine,1997,,0.03389727,,0.06779454,,,,,,
Ukraine,1998,,0.003006027,,,,,,,,
Ukraine,2001,,0.038158637,,,,,,,,
Ukraine,2003,,0,,,,,,,,
Ukraine,2005,,0,,,,,,,,
Ukraine,2006,,0.021321047,,,0,,,,,
Ukraine,2008,,0.53160274,,,,,,,,
Ukraine,2010,,0.0013455217,,,,,,,,
Ukraine,2013,,0.011023691,,,,,,,,
Ukraine,2016,,0,,,0,,,,,
Ukraine,2020,,0.09823983,,,,,0.10343657,,,
Ukraine,2023,,0,,0,,,,,,
Ukraine,1992,,,,0.0021637438,,,,,,
Ukraine,2000,,,,0.37065542,0.26254758,,,,,
Ukraine,2007,,,,0.06723419,,,,,,
Ukraine,2018,,,,0,,,,,,
Ukraine,2021,,,,0.08509962,,,,,,
Ukraine,2009,,,,,0,,,,,
Ukraine,2017,,,,,0,,,,,
United Arab Emirates,2017,,0,,,,,,,,
United Arab Emirates,2024,,0,,,,,,,,
United Kingdom,2022,0,,,0.01577827,0,,,,,
United Kingdom,1977,,0.00038013209,,,,,,,,
United Kingdom,1993,,0.017618427,,,,,,,,
United Kingdom,1994,,0.020692864,,,,,,,,
United Kingdom,1997,,0.015913775,,,0,,,,,
United Kingdom,1998,,0.030235322,,0.08256662,,,,,,
United Kingdom,1999,,0.0019305256,,0.0059840134,,,,,,
United Kingdom,2000,,0.35533032,,0.09006116,,,,,,
United Kingdom,2001,,0,,,,,,,,
United Kingdom,2002,,0,,0.022399804,,,,,,
United Kingdom,2004,,0.0039644437,,,,,,,,
United Kingdom,2005,,0,,0.027524596,0,,,,,
United Kingdom,2007,,0.27335292,0.001941427,0.03882854,,,,,,
United Kingdom,2008,,0.0017068273,,,,,,,,
United Kingdom,2009,,0.020059349,,0,0,,,,,
United Kingdom,2010,,0,,0.000020116817,0,,,,,
United Kingdom,2012,,0.12230847,,,,,,,,
United Kingdom,2013,,0.0071288995,,0,0,,,,,
United Kingdom,2014,,0.06282721,,0.0032629534,,,,,,
United Kingdom,2015,,0.04098485,,0.04098485,,,,,,
United Kingdom,2017,,0,,,,,,,,
United Kingdom,2019,,0,,,0,,,,,
United Kingdom,2020,,0,,0,0,,,,,
United Kingdom,1990,,,0,0.43817547,,,,,,
United Kingdom,1968,,,,0.0023199723,,,,,,
United Kingdom,1972,,,,0,,,,,,
United Kingdom,1976,,,,0.07308227,,,,,,
United Kingdom,1981,,,,0,,,,,,
United Kingdom,1983,,,,0,,,,,,
United Kingdom,1984,,,,0.0176603,,,,,,
United Kingdom,1986,,,,0,,,,,,
United Kingdom,1987,,,,0.21002127,,,,,,
United Kingdom,1989,,,,0,,,,,,
United Kingdom,1991,,,,0.078754134,0,,,,,
United Kingdom,1995,,,,0.048354454,,,,,,
United Kingdom,1996,,,,0.021132031,,,,,,
United Kingdom,2018,,,,0.00034826942,0,,,,,
United Kingdom,2021,,,,0,,,,,,
United Kingdom,2023,,,,0,0,,,,,
United Kingdom,2024,,,,0,0,,,,,
United Kingdom,2003,,,,,0,,,,,
United Kingdom,1966,,,,,,,,,,0
United States,1988,0,0,,0,,,,,,
United States,1991,0.021678662,0.008051688,0.0005439964,0.04157107,,,0.040596746,,,
United States,1999,0.011421247,0.0000031148857,,0.13083039,0.010382952,,0.0009552316,,,
United States,2000,0.0024325976,0.0027899847,0.00048775956,0.018101733,0,,0.024387978,,,
United States,2001,0.004019284,0.0003118524,0.018900145,0.05980762,0,,0,,,
United States,2002,0.0340862,0.0099642165,,0.05741548,0,,0.0021236865,,,
United States,2007,0.0002984096,0.005029629,,0.04192279,,,0.01944836,,,
United States,2008,0.0011602106,0.06771898,0,0.3098201,0,,0.014231684,,,
United States,2009,0.00059017556,0.0046000616,,0.071763724,0.0075976993,,0.00069069996,,,
United States,2011,0.05128293,0.04230842,,0.27853042,0,,0.008865537,,,
United States,2012,0.12304686,0.0010705077,,0.47709575,0,,0.0049218745,,,
United States,2014,0.012494223,0.009597835,0.0039754347,0.05433851,0.01419798,,0.0005679192,,,0.00011358385
United States,2015,0.024596857,0.017739682,,0.08592503,,,0.01066957,,,
United States,2017,0.012747231,0.008668117,,0.86779755,,,0.07750317,,,
United States,2018,0.014523262,0.0037518428,,0.19263494,,0.0024205437,0.10989268,,,0.0043569785
United States,2020,0.02107323,0.0106536895,,0.28132764,,,0.051512346,,,
United States,2021,0.038004875,0.016046504,,0.51340365,0,,0.029707145,,,
United States,2022,0.08459296,0.0057677017,0.00096128363,0.47082108,,,0.005406259,,,
United States,2023,0.052307464,0.011904458,,0.16380918,0.0013888534,,0.019840764,,,
United States,2024,0.018502725,0.013020436,,0.4962328,0,,0.0065444824,,,
United States,1964,,0.119597755,0.045359638,0.03646273,,,,,,
United States,1969,,0.039274555,,0.13942467,,,,,,
United States,1972,,0.009381523,,0.16417666,0,,,,,0
United States,1973,,0.035078462,0.00047355925,0.0035078463,0,,,,,
United States,1976,,0.0021885203,,,,,,,,
United States,1977,,0.009606951,,0,0.13449731,,,,,
United States,1978,,0,,0.004252426,,,,,,
United States,1980,,0.0122492965,,0.03184817,0.06999598,0.03009827,,,,
United States,1981,,0,,0.026847178,,,,,,
United States,1982,,0.00101382,,0.06316188,,,,,,
United States,1983,,0.01100704,0.0014377945,0.12809442,0,,,,,
United States,1984,,0.0016098621,,0.06304715,,,,,,
United States,1985,,0.00028808622,,0.11711511,,,,,,
United States,1986,,0.0005458955,0.000015721791,0.0015285074,0.038212687,,,,,
United States,1990,,0.0007546355,0.0002129749,0.010648745,0.00067078706,,,,,
United States,1992,,0.0054317317,0.00421758,0.52911454,,,0.0026839145,,,
United States,1993,,0.17919216,0.00010935242,0.07472415,0,,0.014580322,,,
United States,1994,,0.009605837,0.41170755,0.01166423,,,0.000027445249,,,0
United States,1995,,0.04083904,,0.17860535,0,,,,,
United States,1996,,0.026724482,,0.04211506,,,0,,,
United States,1997,,0.092188306,,0.026137995,,,0.000029145845,,,
United States,1998,,0.011718211,,0.13625455,0.047170766,,0.0031016846,,,
United States,2003,,0.001073631,0.0017457415,0.13219628,,,0.030550476,,,0
United States,2004,,0.0041376106,,0.4520249,0,,0,,,
United States,2005,,0.0038209772,,1.213495,0,,0.00042606576,,,
United States,2006,,0.012381709,0.0010857305,0.034221213,0,,0.0018851499,,,
United States,2010,,0,0.00008306216,0.062396295,,,,,,
United States,2013,,0.013488791,,0.08650124,0.0011847862,,0.0041965125,,,
United States,2016,,0.0813964,0.00010635518,0.14916314,,,0.007976639,,,
United States,2019,,0.046425294,0.0009285059,0.052576646,,,0.0075441105,,,
United States,1960,,,0.10601219,0.07135081,,,,,,
United States,1965,,,0.0037659525,0.21654227,,,,,,
United States,1971,,,0.047473922,0,,,,,,
United States,1975,,,0.00005935056,0.032642808,,,,,,
United States,1987,,,0.004469421,0.004201668,0,,,,,
United States,1989,,,0.099262975,0.13967718,0,,,,,
United States,1961,,,,0.07251518,,,,,,
United States,1962,,,,0.057877105,,,,,,
United States,1963,,,,0,0,,,,,
United States,1966,,,,0.012283774,0,,,,,
United States,1967,,,,0.023235897,,,,,,
United States,1968,,,,0.0008495824,,,,,,
United States,1970,,,,0.05562269,,,0.009317034,,,
United States,1974,,,,0.06471474,,,,,,
United States,1979,,,,0.108969815,,,,,,
United States Virgin Islands,2004,,,,0,,,,,,
United States Virgin Islands,2017,,,,0,,,,,,
Upper-middle-income countries,1963,0,0,0.54616916,0.31403098,,0,,,,
Upper-middle-income countries,1964,0,0.030438209,0.0037929232,0.0015171693,,,,,,
Upper-middle-income countries,1965,0.011493311,0.16063003,0.01568156,0,,,0.00042382593,,,0
Upper-middle-income countries,1966,0,0.061804112,0.12866734,0.018282285,,0,,,,0.000010370204
Upper-middle-income countries,1968,0.0023298752,0.014635559,0.027635904,0.000103231396,0,,,,,
Upper-middle-income countries,1969,0.003407098,0.00521286,0.02523382,0.0053022965,,0.00006388309,,,,0
Upper-middle-income countries,1970,0.00080427714,0.07342277,0.17442158,0,,,,,,0
Upper-middle-income countries,1971,0.00017803602,0.0015756156,0.0013352674,0,,0,,,,0
Upper-middle-income countries,1972,0.008155985,0.00001163549,0.004886906,0.0052359705,0,,,,,0
Upper-middle-income countries,1973,0.0061695743,0.022682179,0,0.00038833305,,,,,,0
Upper-middle-income countries,1974,0,0.02071101,0.0013715902,0.0005486361,,,,,,0.0029763507
Upper-middle-income countries,1975,0,0.037756592,0.0021072293,0.024914887,0.0743728,0,,,,
Upper-middle-income countries,1977,0,0.00010208303,0.008411642,0.00011229134,,,,,,0
Upper-middle-income countries,1978,0.21318233,0.039492276,0.0046319817,0.0005558378,,,,,,
Upper-middle-income countries,1979,0,0.0002546066,0.042022023,0.02941104,,0,,,,0
Upper-middle-income countries,1980,0,0.022082193,0.3540215,0.01513666,,0,,,,0
Upper-middle-income countries,1981,0,0.14540614,0.064088784,0.0033301034,0,0,0,,,0
Upper-middle-income countries,1982,0,0.03495824,0.0012762423,0.012389658,,0.017720256,,,,0
Upper-middle-income countries,1983,0.011890176,0.1621489,0.029947808,0.0054768715,0,0.011457865,0.01515049,,0,0.06467
Upper-middle-income countries,1984,0,0.17358045,0.00040230807,0.008912671,,0,,,,0.00018568065
Upper-middle-income countries,1985,0.03905411,0.12576203,0.24626286,0.0048712655,0,0.059990954,0,,0,0
Upper-middle-income countries,1986,0,0.18744802,0.13195834,0.084720984,0,,0,,,0
Upper-middle-income countries,1987,0,0.08620936,0.087181605,0.011520013,0,0,0.012156798,,0.000057889512,0.000046311612
Upper-middle-income countries,1988,0.05052041,0.20400229,0.764541,0.073860794,0.000032148335,0,,,,0
Upper-middle-income countries,1989,0,0.16677551,0.011750753,0.06932847,,0,0.004026617,,0,0.020488366
Upper-middle-income countries,1990,0.043081906,0.08422595,0.34489435,0.11749945,0.00009356591,0.0003326788,0.0045743333,,0,0
Upper-middle-income countries,1991,0.03425876,0.4526012,0.07353037,0.045625336,0,0.000042799984,0.0005649598,,0,0.000017119994
Upper-middle-income countries,1992,0.018003557,0.18200491,0.03416604,0.051139936,0.0031236608,0,,,0,0.00021625345
Upper-middle-income countries,1993,0,0.40424514,0,0.15810685,,0,,,0,0.018162847
Upper-middle-income countries,1994,0.44399273,0.26841545,0.0056917714,0.07983652,0.015319881,0,0,,,0
Upper-middle-income countries,1995,0.0031999694,0.2093742,0.009730403,0.0859067,0,0,0,,,0.00073758163
Upper-middle-income countries,1996,0.030763885,0.5009414,0.014674373,0.056908574,0,0,0.043910317,,,0
Upper-middle-income countries,1997,0.006189939,0.06586654,0.0077388203,0.104802325,0.0007945079,0,0.19983079,,,0
Upper-middle-income countries,1998,0.009811552,0.84691024,0.0275045,0.13567856,0,0,0.032817177,,,0.021699322
Upper-middle-income countries,1999,0.029714359,0.32430524,0.5849885,0.021750633,0,0,0.000045068653,,,0
Upper-middle-income countries,2000,0.056705195,0.02394971,0.0045792465,0.017640322,0.0026630582,0,0.0005395498,,,0.0030225597
Upper-middle-income countries,2001,0.03151686,0.045512155,0.05122462,0.10201001,0,0.0002510282,0,,,0.001601091
Upper-middle-income countries,2002,0.032270677,0.11885943,0.016903363,0.02682237,0,0,0,,0,0.00024957987
Upper-middle-income countries,2003,0.0053107482,0.3377929,0.12765938,0.013590998,0,0,0,,,0.000080597216
Upper-middle-income countries,2004,0.0073440485,0.04186105,0.11689844,0.10163699,0,0,,,0,0.000060357375
Upper-middle-income countries,2005,0.023897601,0.071662165,0.0014514627,0.2700629,0,0,0,,,0.000072536866
Upper-middle-income countries,2006,0.03578657,0.030169165,0.03940769,0.09668153,0,0.0018446684,0.00017216905,,0,0.00046661502
Upper-middle-income countries,2007,0.004059299,0.10202953,0.016417164,0.04386984,0,0,0.00029994818,,,0
Upper-middle-income countries,2008,0.0009830579,0.049754057,0.70662814,0.047588415,0.17438015,0,0.003553719,,0,0
Upper-middle-income countries,2009,0.012521451,0.021793272,0.023566848,0.03821305,0.00008784684,,,,0,0.001322639
Upper-middle-income countries,2010,0.017984798,0.1395128,0.012161465,0.052269287,0.0003501396,0,0,,,0.009522735
Upper-middle-income countries,2011,0.011192127,0.3168055,0.011931686,0.004879597,0.004445389,0.00059195963,0,,,0
Upper-middle-income countries,2012,0.013829516,0.08890545,0.013741657,0.023266694,0.000107673186,0,0,,,0
Upper-middle-income countries,2013,0.002789739,0.110496305,0.044053666,0.083514206,0,0,,,0.00004008842,0
Upper-middle-income countries,2014,0.025879301,0.06700664,0.027721012,0.060981754,0,0.00089718256,,,,0
Upper-middle-income countries,2015,0.028584832,0.039932285,0.00016438671,0.051601585,0.0004703626,0,0.0050038574,,,0.000025019286
Upper-middle-income countries,2016,0.031008368,0.1683256,0.011515935,0.054198712,0.00797468,0,,,,0.0036135265
Upper-middle-income countries,2017,0.0064731566,0.06172971,0.043527685,0.0483946,0,0,0.0019093084,,,0.00053324254
Upper-middle-income countries,2018,0.016842764,0.020330831,0.010413828,0.047890987,0,0.0010613359,,,,0
Upper-middle-income countries,2019,0.00066447596,0.040325243,0.00892072,0.045592934,0,0,0,,,0.0008348825
Upper-middle-income countries,2020,0.012923111,0.11328253,0.003799395,0.011807933,,0,0.00069784804,,,0
Upper-middle-income countries,2021,0.022023436,0.07669485,0.0050390344,0.017898554,,0.0012455877,0.00083761266,,,0
Upper-middle-income countries,2022,0.04013033,0.03725021,0.011219195,0.0023559271,0,0.00040822232,0.0026638235,,,0
Upper-middle-income countries,2023,0.017409898,0.0035445883,0.11842079,0.1528723,0,0,0,,,0
Upper-middle-income countries,2024,0.02272447,0.031205684,0.001618552,0.03708038,0,0,0.0006150498,,,0.00009711312
Upper-middle-income countries,1960,,0,0.011881425,0,,,,,,
Upper-middle-income countries,1961,,0,0,0.03645677,,,,,,0
Upper-middle-income countries,1962,,0,0.017920261,0.011349498,0,,,,0.119468406,0
Upper-middle-income countries,1967,,0.027171997,0.06965039,0.074544124,,,,,,0
Upper-middle-income countries,1976,,0,0.7956418,0.011441498,,0,,,,0
Uruguay,1999,0.38459635,,,0,,,,,,
Uruguay,2000,0.69121826,0,,0,0,,,,,
Uruguay,2018,0.15039778,,,,,,,,,
Uruguay,2019,0.1579446,0,,,,,,,,
Uruguay,2020,0.18349135,0,,0,,,,,,
Uruguay,2021,0.16180156,,,,,,,,,
Uruguay,2022,0.13921386,0,,,,,,,,
Uruguay,2023,0.011047398,0,,0,,,,,,
Uruguay,1967,,2.4409883,,,,,,,,
Uruguay,1986,,0,,,,,,,,
Uruguay,1991,,0,,,,,,,,
Uruguay,1992,,0,,,,,,,,
Uruguay,1998,,0.019695982,,,,,,,,
Uruguay,2001,,0,,,,,,,,
Uruguay,2002,,0,,0.1837355,,,,,,
Uruguay,2003,,0,,,,,,,,
Uruguay,2007,,0.18909332,,,0,,,,,
Uruguay,2009,,0,,,,,,,,
Uruguay,2015,,0,,,,,,,,
Uruguay,2016,,0.005219135,,,,,,,,
Uruguay,2017,,0,,,,,,,,
Uruguay,2024,,0,,,,,,,,
Uruguay,1993,,,,0,,,,,,
Uruguay,1997,,,,0,,,,,,
Uruguay,2005,,,,0,,,,,,
Uruguay,2004,,,,,0,,,,,
Uruguay,2010,,,,,0,,,,,
Uzbekistan,2000,0.14038852,,,,,,,,,
Uzbekistan,2001,0.26910523,,,,,,,,,
Uzbekistan,2005,,0,,,,,,,,
Uzbekistan,2020,,0,,,,,,,,
Uzbekistan,2022,,0,,,,,,,,
Uzbekistan,1992,,,0,,,,,,0,
Uzbekistan,2011,,,0,,,,,,,
Uzbekistan,1999,,,,,,,,,,0
Uzbekistan,2021,,,,,,,,,,0
Vanuatu,2002,,0,0,,,,,,,
Vanuatu,2009,,0,,,,0,,,,
Vanuatu,1990,,,0,,,,,,,
Vanuatu,1994,,,0,,,,,,,
Vanuatu,1999,,,0,0,,,,,,
Vanuatu,2024,,,8.611396,,,,,,,
Vanuatu,1979,,,,0,,,,,,
Vanuatu,1981,,,,0.8788752,,,,,,
Vanuatu,1985,,,,131.20332,,,,,,
Vanuatu,1987,,,,17.92575,,,,,,
Vanuatu,1988,,,,0,,,,,,0
Vanuatu,1992,,,,0,,,,,,
Vanuatu,1993,,,,2.9926403,,,,,,
Vanuatu,1998,,,,0,,,,,,
Vanuatu,2001,,,,0,,0,,,,
Vanuatu,2004,,,,0,,,,,,
Vanuatu,2011,,,,0,,,,,,
Vanuatu,2014,,,,0.25849244,,,,,,
Vanuatu,2015,,,,59.155693,,,,,,
Vanuatu,2017,,,,0,,0,,,,
Vanuatu,2020,,,,0,,,,,,
Vanuatu,2023,,,,0,,,,,,
Vanuatu,2005,,,,,,0,,,,
Vanuatu,2006,,,,,,0,,,,
Vanuatu,2008,,,,,,0,,,,
Vanuatu,2018,,,,,,0,,,,
Vanuatu,2021,,,,,,0,,,,
Venezuela,2009,0,,,,,,,,,
Venezuela,2010,0,0.043235835,,0,,,,,,
Venezuela,1967,,0.044605404,1.5135136,,,,,,,
Venezuela,1985,,0,,,,,,,,
Venezuela,1987,,0,,,,,,,,0.0016656591
Venezuela,1988,,0,,0,,,,,,
Venezuela,1994,,0,,,,,,,,0
Venezuela,1996,,0,,,,,,,,
Venezuela,1997,,0,0.09436415,,,,,,,
Venezuela,1999,,3.2253835,,,,,,,,
Venezuela,2000,,0,,,,,,,,
Venezuela,2002,,0.0032295017,,,,,,,,
Venezuela,2003,,0,,,,,,,,
Venezuela,2004,,0,,0,,,,,,
Venezuela,2005,,0.0350483,,,,,,,,
Venezuela,2006,,0,,,,,,,,
Venezuela,2008,,0,,,,,,,,
Venezuela,2011,,0.0050555766,,,,,,,,
Venezuela,2012,,0.024391124,,,,,,,,
Venezuela,1980,,,0,,,,,,,
Venezuela,1986,,,0.0016524522,,,,,,,
Venezuela,1989,,,0,,,,,,,
Venezuela,1993,,,,0.0074953204,,,,,,
Venezuela,1962,,,,,,,,,,0
Venezuela,1981,,,,,,,,,,0
Vietnam,1987,0,,,0,,,,,,
Vietnam,1997,0.22170621,,,1.788129,,,,,,
Vietnam,1998,1.2770706,0.050349873,,0.39765373,,,,,,
Vietnam,1999,0,1.0790116,,0,,,,,,
Vietnam,2002,0.57038385,0.23984641,,0.00028519193,,,0,,,
Vietnam,2005,0.073082805,0.0936959,,0.4342111,,,,,,
Vietnam,2015,0.19179337,0.08526349,,0.0000911149,,,,,,
Vietnam,2016,2.1015344,0.06273143,,0.2664985,,,,,,
Vietnam,2017,0.3156732,0.06314296,,1.0609425,,,,,,
Vietnam,2019,0,0.017346298,,0.0011962965,,,,,,
Vietnam,2020,0,0.0063470863,,0.4125583,,,,,,
Vietnam,2024,0.0020991282,0,,0.426249,0,,,,,0
Vietnam,1985,,0,,0,,,,,,
Vietnam,1986,,0,,0,,,,,,
Vietnam,1990,,0.01120255,,0,,,,,,
Vietnam,1991,,0.48578182,,0.10922289,,,,,,
Vietnam,1992,,0.4834301,,0.18648037,,,,,,0
Vietnam,1993,,0.07586704,,0.49313578,,,,,,
Vietnam,1994,,1.2648565,,0.2763036,,,,,,0.014122183
Vietnam,1995,,0.41473436,,0.102236845,,,,,,
Vietnam,1996,,0.6140127,,2.4334207,,,,,,
Vietnam,2000,,0.8501078,,0.08351908,,,,,,0
Vietnam,2001,,0.27137667,,0.25454947,,,,,,
Vietnam,2003,,0.26546985,,0,,,,,,
Vietnam,2004,,0.017610341,,0.06603878,,,,,,0
Vietnam,2006,,0.013560004,,1.6422671,,,,,,
Vietnam,2007,,1.0204816,,0.24672404,,,,,,
Vietnam,2008,,0.48723748,,0.1921713,,,,,,
Vietnam,2009,,0,,1.0047667,,,,,,0
Vietnam,2010,,0.44850186,,0.030230738,,,,,,
Vietnam,2011,,0.12688777,,0,,,,,,
Vietnam,2012,,0.015338155,,0.17526399,,,,,,
Vietnam,2013,,0.036732223,,0.6898312,,,,,,
Vietnam,2018,,0.015478554,,0.077134795,,,,,,
Vietnam,2021,,0,,0.0072310576,,,,,,
Vietnam,2022,,0.000362805,,0.01572155,,,,,,
Vietnam,2023,,0,,0,,,,,,
Vietnam,1988,,,,0,,,,,,
Vietnam,1989,,,,0.33368793,,,,,,
Vietnam,2014,,,,0.0045833937,,,,,,
World,1960,0,0,0.102816,0.03337246,,0,,,,0
World,1961,0,0,0,0.033285882,0,,,,,0
World,1963,0,0,0.06013343,0.052614957,0,0,,,0,0
World,1964,0,0.04875378,0.061078683,0.021786913,,0,,,,0
World,1965,0.0030281567,0.02615328,0.00991831,0.08362437,0,0.0005009247,0.000050092473,,,0
World,1966,0.0015409198,0.102004975,0.016461646,0.014151283,0,0,0,,,0.0000012481449
World,1967,0.01016573,0.014155122,0.008233623,0.01965614,,,0.0029841438,,,0
World,1968,0.008627652,0.016816668,0.018984875,0.0024785963,0,0.00040310243,0.000040310242,,,0
World,1969,0.008972028,0.020127598,0.0028952905,0.057247285,,0.0000073002784,0,,,0
World,1970,0.0014329917,0.043540947,0.02003469,0.035457287,,,0.0033294042,,,0
World,1971,0.0013461914,0.016760932,0.025188098,0.0062786154,0.0030129303,0.000060258608,,,,0
World,1972,0.00340773,0.01133349,0.030414414,0.06789561,0,,,,,0
World,1973,0.0025420445,0.036920138,0.0002644781,0.011500531,0,0.0005268233,0,,,0
World,1974,0.0007285208,0.01600718,0.00024459022,0.05762802,,,,,,0.00040042307
World,1975,0.0006550173,0.017924668,0.00029831383,0.024267184,0.009943794,0,,,,0
World,1976,0.0003644158,0.0089573255,0.16294003,0.045589164,,0.000010351448,0,,,0.0015245137
World,1977,0.0124516515,0.009707818,0.028081909,0.015653862,0.037757188,0.00029666364,0.000029234852,,,0.00014833182
World,1978,0.036948618,0.012656008,0.014978225,0.01647131,0,0,0,,,0
World,1979,0.009412019,0.001854081,0.005200857,0.03449696,0.00078778475,0,0.000108320404,,,0.000024283465
World,1980,0.009844497,0.009999852,0.22240523,0.015674878,0.017465465,0.0075101494,0,,0,0
World,1981,0.04082853,0.022249386,0.016260497,0.014514185,0,0,0,,,0
World,1982,0.028801149,0.03252682,0.017554093,0.038409863,0,0.002363929,0,,0,0.005973828
World,1983,0.01325523,0.06365044,0.0085389735,0.04543469,0,0.0014646333,0.005280756,,0,0.008266621
World,1984,0.0066854674,0.02534544,0.00063977216,0.044118866,0,0,0.000016094897,,,0.0003460403
World,1985,0.0067315833,0.026130749,0.043088324,0.044801317,0.0011064049,0.0076833675,0.0009847695,,0,0
World,1986,0.0032582097,0.02483505,0.01960934,0.032846387,0.011403734,0,0,,,0
World,1987,0,0.035118505,0.01108635,0.037610125,0,0,0.0012021601,,0.0000057245725,0.0035824373
World,1988,0.009228355,0.039375868,0.073776655,0.012430812,0.0000030739207,0,,,0,0
World,1989,0.007847572,0.019109327,0.033699434,0.050780162,0,0,0.02100795,,0,0.0020763744
World,1990,0.010132293,0.019148454,0.04014889,0.11440732,0.00038959587,0.00003492176,0.0073990477,,0,0
World,1991,0.015795453,0.051103383,0.008036186,0.07334289,0.003228694,0.0009911923,0.0108454,,0,0.000026766375
World,1992,0.010093254,0.032060936,0.010433366,0.14724258,0.0056338413,0,0.0016495069,,0,0.0016921936
World,1993,0.00516252,0.12642092,0.006819773,0.05540333,0.006122211,0.0000018797227,0.003851891,,0,0.0037305178
World,1994,0.054599993,0.07353762,0.10886531,0.019296994,0.0016997525,0.00039362692,0.0005439208,,,0.00022293597
World,1995,0.0047955047,0.087996826,0.3251071,0.080234826,0.0026779356,0.0000023174753,0.000431718,,,0.00011648041
World,1996,0.005588365,0.08930075,0.0017959272,0.033752523,0,0.000051769388,0.005373976,,,0.000062750776
World,1997,0.0036148296,0.05764552,0.015608326,0.023683317,0.00010388042,0.000025183132,0.02615646,,,0.00005131063
World,1998,0.002550109,0.13895205,0.0038475539,0.103953496,0.013481103,0,0.008250144,,,0.0028970968
World,1999,0.01791793,0.047659956,0.12734063,0.1323096,0.0030527515,0,0.0014977898,,,0.0022868162
World,2000,0.012062056,0.076172076,0.002287961,0.038234636,0.0010929231,0.0000065370064,0.007555389,,0,0.0013640908
World,2001,0.00775704,0.0138213225,0.021873288,0.043202676,0.0005944634,0.000049476723,0.000081370876,,,0.00020973022
World,2002,0.023901774,0.07548786,0.0059145233,0.042047556,0,0.00002574375,0.0012148438,,0,0.0005506302
World,2003,0.0019140047,0.05274228,0.021050189,0.054480214,0.03193422,0,0.015546252,,,0.00012628555
World,2004,0.0017226223,0.023925552,0.087750874,0.19071755,0,0,0.0000067901115,,0,0.0000134670545
World,2005,0.005626836,0.036960535,0.01401344,0.38629383,0.000835987,0,0.007953487,,,0.00011494821
World,2006,0.0060462654,0.015543622,0.0066168047,0.0341474,0.0019282807,0.0002892421,0.001992771,,0,0.00007741276
World,2007,0.00076852547,0.041356955,0.025615662,0.050996035,0,0,0.007865805,,,0
World,2008,0.00045197125,0.031181118,0.13357145,0.09454451,0.034157272,0,0.0039419425,,0,0
World,2009,0.0026115954,0.013141155,0.009905167,0.042882923,0.0018233043,0,0.002487308,,0,0.00026104422
World,2010,0.0062301275,0.06420939,0.07089199,0.042545218,0.00067659625,0,0.003102418,,,0.0021238495
World,2011,0.013620678,0.10248748,0.31032264,0.068548806,0.0010525415,0.00014013711,0.004047357,,,0
World,2012,0.032853294,0.035860974,0.024432965,0.11307643,0.00020140904,0,0.0014938619,,0,0
World,2013,0.0022556987,0.06839419,0.011677787,0.06737838,0.0017932602,0,0.0013761992,,0.000010247201,0
World,2014,0.009618724,0.04719676,0.008947328,0.050120078,0.0031377953,0.00023178312,0.0003227518,,,0.00034019782
World,2015,0.016809175,0.027633782,0.007960331,0.045365684,0.00012413561,0.000792355,0.0045425976,,0,0.000010564733
World,2016,0.019060316,0.07401289,0.092251755,0.059528004,0.0023116702,0,0.008169461,,,0.00094208034
World,2017,0.009058299,0.024939183,0.011727188,0.33252797,0,0,0.02064293,,0,0.00017968938
World,2018,0.01004624,0.022610828,0.008159287,0.08456855,0,0.0009961855,0.026152385,,0,0.0010643959
World,2019,0.0010864964,0.040549364,0.0027225595,0.06513227,0,0,0.0034711,,,0.00022600814
World,2020,0.008835072,0.06083459,0.017253242,0.105023794,0,0.0000766403,0.013738751,,,0.00015095818
World,2021,0.016033048,0.076863915,0.011493728,0.13988431,0.005693039,0.0013673459,0.008289382,0.00021348895,,0.0002541535
World,2022,0.03407949,0.04420123,0.012198383,0.12794891,0,0.00011519513,0.0021242762,0,,0
World,2023,0.020434411,0.019516498,0.048756402,0.09514682,0.0005141591,0,0.006403618,0,,0
World,2024,0.012279881,0.029433193,0.01628545,0.15504847,0,0,0.0042936816,0,0,0.00030999843
World,1962,,0.0064701797,0.0019410539,0.10054659,0,,,,0.012940359,0
Yemen,1991,,0,0,,,,,,,
Yemen,1993,,0.006900739,,,,,,,,
Yemen,1996,,18.626379,,,,,,,,
Yemen,1998,,0,,,,,,,,
Yemen,1999,,0,,,,,,,,
Yemen,2001,,0,,0,,,,,,
Yemen,2002,,0,,,,,,,,
Yemen,2003,,0,,,,,,,,
Yemen,2005,,0,,,,,,,,0
Yemen,2006,,0,,,,,,,,
Yemen,2007,,0,,,,0,,,,
Yemen,2008,,1.486389,,,,,,,,
Yemen,2010,,0,,,,,,,,
Yemen,2013,,0,,,,,,,,
Yemen,2016,,0,,,,,,,,0
Yemen,2017,,0,,,,,,,,
Yemen,2015,,,,0.47120368,,,,,,
Yemen,2018,,,,0,,,,,,
Yemen,2009,,,,,,,,,,0
Zambia,1982,0,,,,,,,,,
Zambia,1991,0,,,,,,,,,
Zambia,1992,0,,,,,,,,,
Zambia,1995,0,,,,,,,,,
Zambia,2005,0,0,,,,,,,,
Zambia,2019,0,0,,,,,,,,
Zambia,2020,0,0,,,,,,,,
Zambia,2021,0,,,,,,,,,
Zambia,2022,0,0,,,,,,,,
Zambia,2024,0.0073024365,,,,,,,,,
Zambia,1978,,0.0071148234,,,,,,,,
Zambia,1989,,0,,,,,,,,
Zambia,1998,,0.585119,,,,,,,,
Zambia,2000,,0,,,,,,,,
Zambia,2001,,0,,,,,,,,
Zambia,2003,,0,,,,,,,,
Zambia,2004,,0,,,,,,,,
Zambia,2007,,0,,,,,,,,
Zambia,2008,,0,,,,,,,,
Zambia,2009,,0,,,,,,,,
Zambia,2010,,0,,,,,,,,0
Zambia,2011,,0,,,,,,,,
Zambia,2013,,0,,,,,,,,
Zambia,2014,,0,,,,,,,,
Zambia,2023,,0,,,,,,,,
Zimbabwe,1982,0.0013090153,,,,,,,,,
Zimbabwe,1983,0.005712199,,,,,,,,,
Zimbabwe,1984,0.0070010414,,,,,,,,,
Zimbabwe,1991,0.0916568,,,,,,,,,
Zimbabwe,1992,0.15570931,,,,,,,,,
Zimbabwe,1993,0.16016103,,,,,,,,,
Zimbabwe,1994,0.15256374,,,,,,,,,
Zimbabwe,1995,0.1482362,,,,,,,,,
Zimbabwe,1998,0,0,,,,,,,,
Zimbabwe,2001,0,0.05311783,,,,,,,,
Zimbabwe,2002,0,,,,,,,,,
Zimbabwe,2003,0,3.4918687,,0,,,,,,
Zimbabwe,2007,0,0,,0.022675948,,,,,,
Zimbabwe,2008,0,0,,,,,,,,
Zimbabwe,2009,0,,,,,,,,,
Zimbabwe,2010,0,0,,,,,,,,
Zimbabwe,2011,0,0,,,,,,,,
Zimbabwe,2012,0,,,,,,,,,
Zimbabwe,2013,0.64071554,0,,,,,,,,
Zimbabwe,2014,0.62742037,0.10258753,,,,,,,,
Zimbabwe,2015,0.6127269,0,,0,,,,,,
Zimbabwe,2016,0.59526235,,,0,,,,,,
Zimbabwe,2017,0.02099642,,,0.37004605,,,,,,
Zimbabwe,2018,0,,,,,,,,,
Zimbabwe,2019,0,0,,0,,,,,,
Zimbabwe,2020,0,,,,,,,,,
Zimbabwe,2021,0,,,0,,,,,,
Zimbabwe,2022,0,0,,0,,,,,,
Zimbabwe,2024,1.1315365,,,,,,,,,
Zimbabwe,2000,,1.089693,,,,,,,,
Zimbabwe,1975,,,,0,,,,,,
Zimbabwe,2023,,,,0,,,,,,